2020-04-11T10:03:53,748004,17272,0,0
2020-04-11T10:03:55,748004,17272,0,0
2020-04-11T10:03:58,748004,17272,0,0
2020-04-11T10:04:00,748004,17272,0,0
2020-04-11T10:04:04,748032,17272,28,0
2020-04-11T10:04:06,748032,17272,0,0
2020-04-11T10:04:08,748032,17272,0,0
2020-04-11T10:04:11,748032,17272,0,0
2020-04-11T10:04:14,748032,17272,0,0
2020-04-11T10:04:16,748032,17272,0,0
2020-04-11T10:04:19,748032,17272,0,0
2020-04-11T10:04:21,748032,17272,0,0
2020-04-11T10:04:23,748004,17272,-28,0
2020-04-11T10:04:26,748032,17272,28,0
2020-04-11T10:04:28,748032,17272,0,0
2020-04-11T10:04:31,748032,17272,0,0
2020-04-11T10:04:32,748032,17273,0,50
2020-04-11T10:04:35,748032,17273,0,0
2020-04-11T10:04:37,748032,17273,0,0
2020-04-11T10:04:40,748032,17273,0,0
2020-04-11T10:04:42,748032,17272,0,-50
2020-04-11T10:04:45,748032,17272,0,0
2020-04-11T10:04:47,748032,17272,0,0
2020-04-11T10:04:49,748002,17272,-30,0
2020-04-11T10:04:51,748002,17272,0,0
2020-04-11T10:04:54,748002,17272,0,0
2020-04-11T10:04:56,748002,17272,0,0
2020-04-11T10:04:58,748002,17272,0,0
2020-04-11T10:05:01,748002,17272,0,0
2020-04-11T10:05:03,748005,17273,3,50
2020-04-11T10:05:05,748005,17273,0,0
2020-04-11T10:05:08,748005,17273,0,0
2020-04-11T10:05:11,748005,17273,0,0
2020-04-11T10:05:14,748255,17273,250,0
2020-04-11T10:05:16,748255,17273,0,0
2020-04-11T10:05:17,748255,17273,0,0
2020-04-11T10:05:20,748255,17273,0,0
2020-04-11T10:05:22,748255,17273,0,0
2020-04-11T10:05:25,748255,17273,0,0
2020-04-11T10:05:27,748255,17273,0,0
2020-04-11T10:05:29,748255,17273,0,0
2020-04-11T10:05:32,748255,17273,0,0
2020-04-11T10:05:35,748255,17273,0,0
2020-04-11T10:05:36,748255,17273,0,0
2020-04-11T10:05:39,748255,17273,0,0
2020-04-11T10:05:42,748255,17273,0,0
2020-04-11T10:05:43,748255,17273,0,0
2020-04-11T10:05:46,748255,17273,0,0
2020-04-11T10:05:49,748255,17273,0,0
2020-04-11T10:05:51,748255,17273,0,0
2020-04-11T10:05:53,748255,17273,0,0
2020-04-11T10:05:55,748255,17273,0,0
2020-04-11T10:05:57,748255,17273,0,0
2020-04-11T10:06:00,748255,17273,0,0
2020-04-11T10:06:02,748255,17273,0,0
2020-04-11T10:06:05,748198,17273,-57,0
2020-04-11T10:06:07,748198,17273,0,0
2020-04-11T10:06:09,748355,17273,157,0
2020-04-11T10:06:11,748355,17273,0,0
2020-04-11T10:06:13,748355,17273,0,0
2020-04-11T10:06:17,748355,17273,0,0
2020-04-11T10:06:19,748355,17273,0,0
2020-04-11T10:06:22,748355,17273,0,0
2020-04-11T10:06:24,748355,17273,0,0
2020-04-11T10:06:26,748355,17273,0,0
2020-04-11T10:06:29,748355,17273,0,0
2020-04-11T10:06:31,748355,17273,0,0
2020-04-11T10:06:34,748456,17273,101,0
2020-04-11T10:06:36,748456,17273,0,0
2020-04-11T10:06:39,748456,17273,0,0
2020-04-11T10:06:41,748456,17273,0,0
2020-04-11T10:06:44,748500,17273,44,0
2020-04-11T10:06:47,748500,17273,0,0
2020-04-11T10:06:48,748500,17273,0,0
2020-04-11T10:06:51,748500,17273,0,0
2020-04-11T10:06:53,748500,17273,0,0
2020-04-11T10:06:55,748500,17274,0,50
2020-04-11T10:06:59,749140,17280,640,300
2020-04-11T10:07:02,748950,17281,-190,50
2020-04-11T10:07:04,748948,17281,-2,0
2020-04-11T10:07:06,749140,17281,192,0
2020-04-11T10:07:08,749175,17286,35,250
2020-04-11T10:07:11,749056,17286,-119,0
2020-04-11T10:07:13,748677,17286,-379,0
2020-04-11T10:07:15,748500,17286,-177,0
2020-04-11T10:07:18,748457,17286,-43,0
2020-04-11T10:07:20,748457,17286,0,0
2020-04-11T10:07:23,748457,17286,0,0
2020-04-11T10:07:24,748457,17286,0,0
2020-04-11T10:07:26,748457,17286,0,0
2020-04-11T10:07:30,748457,17286,0,0
2020-04-11T10:07:32,748457,17286,0,0
2020-04-11T10:07:34,748472,17286,15,0
2020-04-11T10:07:36,748472,17286,0,0
2020-04-11T10:07:38,748472,17286,0,0
2020-04-11T10:07:40,748472,17286,0,0
2020-04-11T10:07:43,748556,17286,84,0
2020-04-11T10:07:46,748556,17286,0,0
2020-04-11T10:07:48,748556,17286,0,0
2020-04-11T10:07:50,748556,17286,0,0
2020-04-11T10:07:53,748556,17286,0,0
2020-04-11T10:07:55,748556,17286,0,0
2020-04-11T10:07:58,748556,17286,0,0
2020-04-11T10:08:00,748556,17286,0,0
2020-04-11T10:08:01,748556,17287,0,50
2020-04-11T10:08:03,748560,17289,4,100
2020-04-11T10:08:06,748563,17289,3,0
2020-04-11T10:08:08,748567,17289,4,0
2020-04-11T10:08:11,748568,17289,1,0
2020-04-11T10:08:13,748658,17295,90,300
2020-04-11T10:08:15,748661,17300,3,250
2020-04-11T10:08:18,748854,17300,193,0
2020-04-11T10:08:20,748855,17300,1,0
2020-04-11T10:08:23,748858,17300,3,0
2020-04-11T10:08:24,748855,17300,-3,0
2020-04-11T10:08:27,748855,17310,0,500
2020-04-11T10:08:29,748855,17320,0,500
2020-04-11T10:08:32,748855,17310,0,-500
2020-04-11T10:08:34,748856,17310,1,0
2020-04-11T10:08:36,749030,17310,174,0
2020-04-11T10:08:39,749030,17310,0,0
2020-04-11T10:08:41,749030,17310,0,0
2020-04-11T10:08:43,749030,17310,0,0
2020-04-11T10:08:45,749031,17320,1,500
2020-04-11T10:08:47,749031,17330,0,500
2020-04-11T10:08:50,749031,17330,0,0
2020-04-11T10:08:52,749031,17330,0,0
2020-04-11T10:08:55,749031,17330,0,0
2020-04-11T10:08:57,749031,17330,0,0
2020-04-11T10:08:59,749031,17330,0,0
2020-04-11T10:09:01,749031,17330,0,0
2020-04-11T10:09:04,749031,17330,0,0
2020-04-11T10:09:06,749031,17310,0,-1000
2020-04-11T10:09:09,749031,17310,0,0
2020-04-11T10:09:11,749031,17310,0,0
2020-04-11T10:09:13,749031,17310,0,0
2020-04-11T10:09:15,749031,17310,0,0
2020-04-11T10:09:18,749031,17287,0,-1150
2020-04-11T10:09:21,749031,17287,0,0
2020-04-11T10:09:23,749031,17287,0,0
2020-04-11T10:09:25,749031,17287,0,0
2020-04-11T10:09:27,749031,17287,0,0
2020-04-11T10:09:30,749031,17287,0,0
2020-04-11T10:09:32,749031,17308,0,1050
2020-04-11T10:09:35,749031,17308,0,0
2020-04-11T10:09:37,749031,17316,0,400
2020-04-11T10:09:39,749031,17319,0,150
2020-04-11T10:09:42,749031,17319,0,0
2020-04-11T10:09:44,749031,17319,0,0
2020-04-11T10:09:47,749031,17319,0,0
2020-04-11T10:09:49,749031,17319,0,0
2020-04-11T10:09:52,749031,17318,0,-50
2020-04-11T10:09:53,749031,17318,0,0
2020-04-11T10:09:56,749031,17318,0,0
2020-04-11T10:09:58,749000,17318,-31,0
2020-04-11T10:10:00,749000,17318,0,0
2020-04-11T10:10:04,748856,17318,-144,0
2020-04-11T10:10:05,748856,17318,0,0
2020-04-11T10:10:08,748856,17318,0,0
2020-04-11T10:10:10,748856,17318,0,0
2020-04-11T10:10:13,748856,17318,0,0
2020-04-11T10:10:15,748856,17318,0,0
2020-04-11T10:10:17,748856,17318,0,0
2020-04-11T10:10:20,748856,17318,0,0
2020-04-11T10:10:22,748856,17318,0,0
2020-04-11T10:10:25,749031,17318,175,0
2020-04-11T10:10:27,748855,17318,-176,0
2020-04-11T10:10:29,748855,17318,0,0
2020-04-11T10:10:32,748685,17318,-170,0
2020-04-11T10:10:34,748456,17318,-229,0
2020-04-11T10:10:36,748456,17318,0,0
2020-04-11T10:10:39,748456,17318,0,0
2020-04-11T10:10:41,748456,17318,0,0
2020-04-11T10:10:43,748456,17318,0,0
2020-04-11T10:10:46,748456,17318,0,0
2020-04-11T10:10:48,748456,17318,0,0
2020-04-11T10:10:50,748456,17303,0,-750
2020-04-11T10:10:52,748456,17303,0,0
2020-04-11T10:10:55,748456,17303,0,0
2020-04-11T10:10:58,748456,17303,0,0
2020-04-11T10:10:59,748456,17301,0,-100
2020-04-11T10:11:02,748456,17301,0,0
2020-04-11T10:11:04,748480,17301,24,0
2020-04-11T10:11:07,748480,17301,0,0
2020-04-11T10:11:09,748480,17301,0,0
2020-04-11T10:11:12,748457,17301,-23,0
2020-04-11T10:11:14,748457,17301,0,0
2020-04-11T10:11:17,748457,17301,0,0
2020-04-11T10:11:18,748457,17301,0,0
2020-04-11T10:11:21,748457,17301,0,0
2020-04-11T10:11:24,748457,17301,0,0
2020-04-11T10:11:26,748456,17301,-1,0
2020-04-11T10:11:29,748457,17301,1,0
2020-04-11T10:11:31,748457,17296,0,-250
2020-04-11T10:11:33,748456,17296,-1,0
2020-04-11T10:11:36,748456,17296,0,0
2020-04-11T10:11:38,748456,17296,0,0
2020-04-11T10:11:40,748456,17296,0,0
2020-04-11T10:11:43,748456,17290,0,-300
2020-04-11T10:11:45,748456,17290,0,0
2020-04-11T10:11:47,748456,17290,0,0
2020-04-11T10:11:50,748456,17290,0,0
2020-04-11T10:11:53,748456,17290,0,0
2020-04-11T10:11:55,748456,17290,0,0
2020-04-11T10:11:58,748600,17290,144,0
2020-04-11T10:11:59,748600,17290,0,0
2020-04-11T10:12:02,748600,17290,0,0
2020-04-11T10:12:05,748600,17287,0,-150
2020-04-11T10:12:07,748767,17287,167,0
2020-04-11T10:12:09,748767,17287,0,0
2020-04-11T10:12:12,748767,17287,0,0
2020-04-11T10:12:14,748767,17296,0,450
2020-04-11T10:12:16,748767,17296,0,0
2020-04-11T10:12:19,748767,17296,0,0
2020-04-11T10:12:21,748767,17296,0,0
2020-04-11T10:12:23,748900,17297,133,50
2020-04-11T10:12:26,748900,17305,0,400
2020-04-11T10:12:28,748767,17305,-133,0
2020-04-11T10:12:31,748767,17306,0,50
2020-04-11T10:12:33,748767,17306,0,0
2020-04-11T10:12:35,748767,17287,0,-950
2020-04-11T10:12:38,748767,17287,0,0
2020-04-11T10:12:40,748767,17287,0,0
2020-04-11T10:12:42,748767,17287,0,0
2020-04-11T10:12:45,748456,17287,-311,0
2020-04-11T10:12:47,748456,17300,0,650
2020-04-11T10:12:50,748456,17300,0,0
2020-04-11T10:12:52,748200,17300,-256,0
2020-04-11T10:12:54,748200,17300,0,0
2020-04-11T10:12:57,748456,17294,256,-300
2020-04-11T10:12:59,748456,17294,0,0
2020-04-11T10:13:01,748456,17294,0,0
2020-04-11T10:13:03,748456,17294,0,0
2020-04-11T10:13:06,748500,17294,44,0
2020-04-11T10:13:08,748500,17294,0,0
2020-04-11T10:13:11,748500,17294,0,0
2020-04-11T10:13:13,748500,17311,0,850
2020-04-11T10:13:15,748500,17311,0,0
2020-04-11T10:13:17,748500,17311,0,0
2020-04-11T10:13:20,748500,17311,0,0
2020-04-11T10:13:23,748500,17311,0,0
2020-04-11T10:13:24,748500,17311,0,0
2020-04-11T10:13:27,748500,17311,0,0
2020-04-11T10:13:30,748500,17280,0,-1550
2020-04-11T10:13:33,748500,17280,0,0
2020-04-11T10:13:34,748500,17280,0,0
2020-04-11T10:13:36,748500,17280,0,0
2020-04-11T10:13:39,748500,17288,0,400
2020-04-11T10:13:41,748500,17288,0,0
2020-04-11T10:13:43,748500,17289,0,50
2020-04-11T10:13:47,748501,17289,1,0
2020-04-11T10:13:49,748501,17289,0,0
2020-04-11T10:13:51,748501,17290,0,50
2020-04-11T10:13:53,748501,17291,0,50
2020-04-11T10:13:56,748700,17291,199,0
2020-04-11T10:13:58,748700,17291,0,0
2020-04-11T10:14:01,748700,17293,0,100
2020-04-11T10:14:03,748700,17293,0,0
2020-04-11T10:14:05,748700,17293,0,0
2020-04-11T10:14:08,748700,17293,0,0
2020-04-11T10:14:10,748700,17293,0,0
2020-04-11T10:14:12,748700,17302,0,450
2020-04-11T10:14:14,749016,17302,316,0
2020-04-11T10:14:17,749016,17302,0,0
2020-04-11T10:14:20,749016,17302,0,0
2020-04-11T10:14:22,749016,17306,0,200
2020-04-11T10:14:24,749016,17307,0,50
2020-04-11T10:14:27,748700,17307,-316,0
2020-04-11T10:14:29,748700,17307,0,0
2020-04-11T10:14:31,748700,17307,0,0
2020-04-11T10:14:34,748700,17307,0,0
2020-04-11T10:14:35,748700,17307,0,0
2020-04-11T10:14:38,748700,17307,0,0
2020-04-11T10:14:41,748700,17307,0,0
2020-04-11T10:14:42,748700,17307,0,0
2020-04-11T10:14:46,748700,17294,0,-650
2020-04-11T10:14:48,748700,17294,0,0
2020-04-11T10:14:50,748700,17294,0,0
2020-04-11T10:14:52,748700,17294,0,0
2020-04-11T10:14:54,748700,17294,0,0
2020-04-11T10:14:56,748700,17294,0,0
2020-04-11T10:15:00,748811,17294,111,0
2020-04-11T10:15:01,748811,17294,0,0
2020-04-11T10:15:04,748900,17304,89,500
2020-04-11T10:15:06,748900,17304,0,0
2020-04-11T10:15:08,748900,17311,0,350
2020-04-11T10:15:11,748900,17304,0,-350
2020-04-11T10:15:13,748900,17314,0,500
2020-04-11T10:15:15,748900,17318,0,200
2020-04-11T10:15:18,748698,17315,-202,-150
2020-04-11T10:15:20,748698,17315,0,0
2020-04-11T10:15:23,748500,17315,-198,0
2020-04-11T10:15:25,748251,17308,-249,-350
2020-04-11T10:15:27,748492,17308,241,0
2020-04-11T10:15:29,748251,17309,-241,50
2020-04-11T10:15:32,748251,17309,0,0
2020-04-11T10:15:34,748251,17304,0,-250
2020-04-11T10:15:37,748252,17304,1,0
2020-04-11T10:15:38,748252,17304,0,0
2020-04-11T10:15:41,748252,17284,0,-1000
2020-04-11T10:15:44,748252,17284,0,0
2020-04-11T10:15:47,748252,17284,0,0
2020-04-11T10:15:49,748252,17284,0,0
2020-04-11T10:15:50,748252,17284,0,0
2020-04-11T10:15:53,748252,17284,0,0
2020-04-11T10:15:56,748252,17274,0,-500
2020-04-11T10:15:58,748252,17274,0,0
2020-04-11T10:16:00,748252,17274,0,0
2020-04-11T10:16:03,748252,17274,0,0
2020-04-11T10:16:05,748252,17274,0,0
2020-04-11T10:16:08,748252,17274,0,0
2020-04-11T10:16:09,748252,17274,0,0
2020-04-11T10:16:12,748252,17274,0,0
2020-04-11T10:16:15,748252,17275,0,50
2020-04-11T10:16:17,748252,17277,0,100
2020-04-11T10:16:19,748252,17277,0,0
2020-04-11T10:16:21,748252,17277,0,0
2020-04-11T10:16:23,748252,17278,0,50
2020-04-11T10:16:26,748252,17278,0,0
2020-04-11T10:16:28,748252,17279,0,50
2020-04-11T10:16:30,748252,17279,0,0
2020-04-11T10:16:33,748252,17279,0,0
2020-04-11T10:16:35,748252,17279,0,0
2020-04-11T10:16:38,748252,17280,0,50
2020-04-11T10:16:40,748252,17280,0,0
2020-04-11T10:16:42,748252,17280,0,0
2020-04-11T10:16:45,748488,17280,236,0
2020-04-11T10:16:47,748488,17280,0,0
2020-04-11T10:16:50,748488,17278,0,-100
2020-04-11T10:16:51,748488,17278,0,0
2020-04-11T10:16:54,748488,17278,0,0
2020-04-11T10:16:56,748488,17278,0,0
2020-04-11T10:16:58,748488,17278,0,0
2020-04-11T10:17:01,747953,17273,-535,-250
2020-04-11T10:17:04,747953,17273,0,0
2020-04-11T10:17:06,747953,17273,0,0
2020-04-11T10:17:08,747953,17273,0,0
2020-04-11T10:17:10,747953,17275,0,100
2020-04-11T10:17:13,747953,17275,0,0
2020-04-11T10:17:15,747953,17275,0,0
2020-04-11T10:17:18,748002,17275,49,0
2020-04-11T10:17:20,748002,17275,0,0
2020-04-11T10:17:22,748002,17273,0,-100
2020-04-11T10:17:25,748002,17273,0,0
2020-04-11T10:17:27,748540,17273,538,0
2020-04-11T10:17:30,748540,17273,0,0
2020-04-11T10:17:32,748540,17273,0,0
2020-04-11T10:17:34,748540,17273,0,0
2020-04-11T10:17:36,748422,17273,-118,0
2020-04-11T10:17:39,748422,17273,0,0
2020-04-11T10:17:41,748422,17273,0,0
2020-04-11T10:17:43,748422,17273,0,0
2020-04-11T10:17:45,748422,17273,0,0
2020-04-11T10:17:49,748422,17274,0,50
2020-04-11T10:17:50,748422,17274,0,0
2020-04-11T10:17:53,748422,17274,0,0
2020-04-11T10:17:55,748422,17274,0,0
2020-04-11T10:17:58,748422,17274,0,0
2020-04-11T10:17:59,748422,17274,0,0
2020-04-11T10:18:02,748422,17274,0,0
2020-04-11T10:18:04,748422,17278,0,200
2020-04-11T10:18:06,748422,17278,0,0
2020-04-11T10:18:09,748422,17278,0,0
2020-04-11T10:18:12,748422,17281,0,150
2020-04-11T10:18:14,748422,17275,0,-300
2020-04-11T10:18:16,748422,17275,0,0
2020-04-11T10:18:18,748422,17275,0,0
2020-04-11T10:18:21,748422,17275,0,0
2020-04-11T10:18:23,748422,17275,0,0
2020-04-11T10:18:25,748422,17278,0,150
2020-04-11T10:18:27,748422,17278,0,0
2020-04-11T10:18:30,748422,17278,0,0
2020-04-11T10:18:32,748422,17278,0,0
2020-04-11T10:18:35,748422,17278,0,0
2020-04-11T10:18:37,748422,17278,0,0
2020-04-11T10:18:39,748422,17278,0,0
2020-04-11T10:18:41,748422,17278,0,0
2020-04-11T10:18:43,748818,17278,396,0
2020-04-11T10:18:45,748424,17280,-394,100
2020-04-11T10:18:48,748818,17277,394,-150
2020-04-11T10:18:51,748428,17277,-390,0
2020-04-11T10:18:52,748428,17277,0,0
2020-04-11T10:18:54,748818,17277,390,0
2020-04-11T10:18:57,748606,17281,-212,200
2020-04-11T10:18:59,748607,17281,1,0
2020-04-11T10:19:02,748607,17281,0,0
2020-04-11T10:19:04,748607,17281,0,0
2020-04-11T10:19:06,748607,17281,0,0
2020-04-11T10:19:09,748617,17281,10,0
2020-04-11T10:19:10,748617,17281,0,0
2020-04-11T10:19:13,748617,17281,0,0
2020-04-11T10:19:16,748623,17281,6,0
2020-04-11T10:19:17,748623,17281,0,0
2020-04-11T10:19:21,748833,17281,210,0
2020-04-11T10:19:23,749110,17281,277,0
2020-04-11T10:19:25,749200,17281,90,0
2020-04-11T10:19:27,749200,17281,0,0
2020-04-11T10:19:30,749200,17281,0,0
2020-04-11T10:19:32,749200,17281,0,0
2020-04-11T10:19:35,749200,17281,0,0
2020-04-11T10:19:37,749200,17281,0,0
2020-04-11T10:19:40,749200,17281,0,0
2020-04-11T10:19:42,749200,17281,0,0
2020-04-11T10:19:44,749200,17281,0,0
2020-04-11T10:19:46,749200,17281,0,0
2020-04-11T10:19:48,749200,17281,0,0
2020-04-11T10:19:51,749200,17316,0,1750
2020-04-11T10:19:53,749200,17316,0,0
2020-04-11T10:19:55,749200,17316,0,0
2020-04-11T10:19:57,749200,17316,0,0
2020-04-11T10:19:59,749200,17294,0,-1100
2020-04-11T10:20:02,749200,17294,0,0
2020-04-11T10:20:04,749200,17294,0,0
2020-04-11T10:20:07,749200,17294,0,0
2020-04-11T10:20:10,749200,17294,0,0
2020-04-11T10:20:11,749200,17293,0,-50
2020-04-11T10:20:14,749200,17293,0,0
2020-04-11T10:20:16,749200,17293,0,0
2020-04-11T10:20:19,749200,17293,0,0
2020-04-11T10:20:22,749200,17290,0,-150
2020-04-11T10:20:24,749000,17290,-200,0
2020-04-11T10:20:26,749000,17290,0,0
2020-04-11T10:20:28,749000,17290,0,0
2020-04-11T10:20:31,749000,17290,0,0
2020-04-11T10:20:34,749178,17290,178,0
2020-04-11T10:20:35,749178,17282,0,-400
2020-04-11T10:20:39,749178,17282,0,0
2020-04-11T10:20:41,749162,17282,-16,0
2020-04-11T10:20:44,749162,17282,0,0
2020-04-11T10:20:45,749162,17282,0,0
2020-04-11T10:20:48,749162,17282,0,0
2020-04-11T10:20:50,749162,17282,0,0
2020-04-11T10:20:53,748621,17281,-541,-50
2020-04-11T10:20:55,748617,17281,-4,0
2020-04-11T10:20:58,748617,17281,0,0
2020-04-11T10:21:00,748617,17281,0,0
2020-04-11T10:21:02,748617,17281,0,0
2020-04-11T10:21:05,748618,17281,1,0
2020-04-11T10:21:07,748618,17281,0,0
2020-04-11T10:21:09,748618,17281,0,0
2020-04-11T10:21:11,748618,17281,0,0
2020-04-11T10:21:14,748618,17281,0,0
2020-04-11T10:21:16,748618,17281,0,0
2020-04-11T10:21:19,748622,17281,4,0
2020-04-11T10:21:21,748622,17281,0,0
2020-04-11T10:21:24,748618,17281,-4,0
2020-04-11T10:21:26,748618,17281,0,0
2020-04-11T10:21:28,748618,17281,0,0
2020-04-11T10:21:31,748618,17281,0,0
2020-04-11T10:21:32,748618,17281,0,0
2020-04-11T10:21:35,748618,17281,0,0
2020-04-11T10:21:37,748618,17281,0,0
2020-04-11T10:21:40,748618,17281,0,0
2020-04-11T10:21:43,748810,17281,192,0
2020-04-11T10:21:45,748810,17281,0,0
2020-04-11T10:21:47,748810,17281,0,0
2020-04-11T10:21:50,748810,17281,0,0
2020-04-11T10:21:52,748810,17281,0,0
2020-04-11T10:21:54,748751,17281,-59,0
2020-04-11T10:21:56,748751,17281,0,0
2020-04-11T10:21:59,748751,17281,0,0
2020-04-11T10:22:02,748751,17281,0,0
2020-04-11T10:22:05,748751,17281,0,0
2020-04-11T10:22:07,748791,17281,40,0
2020-04-11T10:22:09,748752,17281,-39,0
2020-04-11T10:22:11,748752,17281,0,0
2020-04-11T10:22:14,748752,17281,0,0
2020-04-11T10:22:16,748752,17281,0,0
2020-04-11T10:22:19,748752,17281,0,0
2020-04-11T10:22:21,748767,17281,15,0
2020-04-11T10:22:23,748751,17281,-16,0
2020-04-11T10:22:26,748751,17281,0,0
2020-04-11T10:22:28,748751,17281,0,0
2020-04-11T10:22:30,748751,17281,0,0
2020-04-11T10:22:33,748751,17281,0,0
2020-04-11T10:22:35,748751,17281,0,0
2020-04-11T10:22:38,749000,17281,249,0
2020-04-11T10:22:40,748751,17281,-249,0
2020-04-11T10:22:42,749000,17281,249,0
2020-04-11T10:22:44,749000,17281,0,0
2020-04-11T10:22:47,748755,17281,-245,0
2020-04-11T10:22:49,748755,17281,0,0
2020-04-11T10:22:52,748751,17281,-4,0
2020-04-11T10:22:54,748751,17281,0,0
2020-04-11T10:22:56,748751,17281,0,0
2020-04-11T10:22:59,748751,17281,0,0
2020-04-11T10:23:01,748751,17281,0,0
2020-04-11T10:23:03,748751,17281,0,0
2020-04-11T10:23:06,748751,17281,0,0
2020-04-11T10:23:08,748751,17281,0,0
2020-04-11T10:23:10,748752,17281,1,0
2020-04-11T10:23:13,748752,17281,0,0
2020-04-11T10:23:15,748752,17281,0,0
2020-04-11T10:23:18,748752,17281,0,0
2020-04-11T10:23:21,748752,17281,0,0
2020-04-11T10:23:22,748752,17281,0,0
2020-04-11T10:23:25,748752,17281,0,0
2020-04-11T10:23:27,748752,17281,0,0
2020-04-11T10:23:30,748752,17281,0,0
2020-04-11T10:23:32,748752,17281,0,0
2020-04-11T10:23:34,748752,17281,0,0
2020-04-11T10:23:36,748752,17281,0,0
2020-04-11T10:23:39,748752,17281,0,0
2020-04-11T10:23:41,748900,17281,148,0
2020-04-11T10:23:44,748900,17281,0,0
2020-04-11T10:23:47,748900,17281,0,0
2020-04-11T10:23:49,748900,17281,0,0
2020-04-11T10:23:51,748900,17281,0,0
2020-04-11T10:23:53,748900,17281,0,0
2020-04-11T10:23:56,748900,17281,0,0
2020-04-11T10:23:58,749201,17281,301,0
2020-04-11T10:24:01,749000,17281,-201,0
2020-04-11T10:24:04,748901,17281,-99,0
2020-04-11T10:24:05,748901,17281,0,0
2020-04-11T10:24:09,748901,17281,0,0
2020-04-11T10:24:11,748901,17281,0,0
2020-04-11T10:24:13,748901,17281,0,0
2020-04-11T10:24:16,748901,17281,0,0
2020-04-11T10:24:18,748901,17281,0,0
2020-04-11T10:24:21,748901,17281,0,0
2020-04-11T10:24:23,748900,17281,-1,0
2020-04-11T10:24:25,748900,17281,0,0
2020-04-11T10:24:27,748900,17281,0,0
2020-04-11T10:24:30,748900,17281,0,0
2020-04-11T10:24:32,748900,17281,0,0
2020-04-11T10:24:34,748900,17281,0,0
2020-04-11T10:24:36,748900,17281,0,0
2020-04-11T10:24:39,748901,17281,1,0
2020-04-11T10:24:41,748901,17281,0,0
2020-04-11T10:24:44,748900,17281,-1,0
2020-04-11T10:24:47,748751,17281,-149,0
2020-04-11T10:24:49,748751,17281,0,0
2020-04-11T10:24:51,748751,17281,0,0
2020-04-11T10:24:54,748751,17281,0,0
2020-04-11T10:24:55,748751,17281,0,0
2020-04-11T10:24:58,748751,17281,0,0
2020-04-11T10:25:01,748751,17281,0,0
2020-04-11T10:25:03,748751,17281,0,0
2020-04-11T10:25:06,748929,17281,178,0
2020-04-11T10:25:08,748751,17281,-178,0
2020-04-11T10:25:11,748751,17281,0,0
2020-04-11T10:25:13,748751,17281,0,0
2020-04-11T10:25:15,748751,17281,0,0
2020-04-11T10:25:18,748751,17281,0,0
2020-04-11T10:25:20,748751,17281,0,0
2020-04-11T10:25:22,748751,17281,0,0
2020-04-11T10:25:26,748751,17281,0,0
2020-04-11T10:25:28,748751,17281,0,0
2020-04-11T10:25:30,748751,17281,0,0
2020-04-11T10:25:33,747934,17281,-817,0
2020-04-11T10:25:36,747929,17281,-5,0
2020-04-11T10:25:38,747900,17281,-29,0
2020-04-11T10:25:41,747900,17281,0,0
2020-04-11T10:25:43,747900,17281,0,0
2020-04-11T10:25:46,747900,17281,0,0
2020-04-11T10:25:48,747900,17281,0,0
2020-04-11T10:25:51,747892,17281,-8,0
2020-04-11T10:25:52,748373,17281,481,0
2020-04-11T10:25:55,748373,17281,0,0
2020-04-11T10:25:58,748373,17281,0,0
2020-04-11T10:26:00,748373,17281,0,0
2020-04-11T10:26:02,748373,17281,0,0
2020-04-11T10:26:05,747900,17281,-473,0
2020-04-11T10:26:07,747900,17281,0,0
2020-04-11T10:26:10,747900,17281,0,0
2020-04-11T10:26:13,747900,17281,0,0
2020-04-11T10:26:15,747900,17281,0,0
2020-04-11T10:26:17,747900,17281,0,0
2020-04-11T10:26:19,747900,17281,0,0
2020-04-11T10:26:22,747900,17281,0,0
2020-04-11T10:26:24,747900,17281,0,0
2020-04-11T10:26:26,747900,17281,0,0
2020-04-11T10:26:29,747900,17281,0,0
2020-04-11T10:26:32,747900,17281,0,0
2020-04-11T10:26:34,747900,17281,0,0
2020-04-11T10:26:37,747900,17281,0,0
2020-04-11T10:26:39,747874,17281,-26,0
2020-04-11T10:26:42,747874,17281,0,0
2020-04-11T10:26:43,747874,17281,0,0
2020-04-11T10:26:46,747874,17281,0,0
2020-04-11T10:26:49,747874,17281,0,0
2020-04-11T10:26:51,747874,17281,0,0
2020-04-11T10:26:54,747874,17281,0,0
2020-04-11T10:26:55,747874,17281,0,0
2020-04-11T10:26:59,747874,17281,0,0
2020-04-11T10:27:01,747874,17281,0,0
2020-04-11T10:27:03,747874,17281,0,0
2020-04-11T10:27:06,747874,17273,0,-400
2020-04-11T10:27:08,747874,17273,0,0
2020-04-11T10:27:10,747874,17273,0,0
2020-04-11T10:27:12,747900,17273,26,0
2020-04-11T10:27:14,747900,17273,0,0
2020-04-11T10:27:17,747900,17273,0,0
2020-04-11T10:27:19,747900,17273,0,0
2020-04-11T10:27:22,747900,17273,0,0
2020-04-11T10:27:23,747900,17273,0,0
2020-04-11T10:27:26,747900,17273,0,0
2020-04-11T10:27:29,747900,17273,0,0
2020-04-11T10:27:31,747900,17273,0,0
2020-04-11T10:27:33,747900,17273,0,0
2020-04-11T10:27:36,747900,17273,0,0
2020-04-11T10:27:38,747874,17274,-26,50
2020-04-11T10:27:41,747874,17274,0,0
2020-04-11T10:27:43,747874,17274,0,0
2020-04-11T10:27:45,747874,17273,0,-50
2020-04-11T10:27:48,747874,17273,0,0
2020-04-11T10:27:51,747874,17273,0,0
2020-04-11T10:27:53,747874,17273,0,0
2020-04-11T10:27:55,747874,17273,0,0
2020-04-11T10:27:58,747874,17273,0,0
2020-04-11T10:28:00,747874,17273,0,0
2020-04-11T10:28:02,747874,17273,0,0
2020-04-11T10:28:05,747874,17273,0,0
2020-04-11T10:28:07,747900,17273,26,0
2020-04-11T10:28:09,747900,17273,0,0
2020-04-11T10:28:12,747900,17273,0,0
2020-04-11T10:28:15,747900,17273,0,0
2020-04-11T10:28:17,747900,17273,0,0
2020-04-11T10:28:18,747894,17273,-6,0
2020-04-11T10:28:20,747894,17273,0,0
2020-04-11T10:28:23,747894,17273,0,0
2020-04-11T10:28:25,747894,17273,0,0
2020-04-11T10:28:28,747894,17273,0,0
2020-04-11T10:28:30,747894,17273,0,0
2020-04-11T10:28:33,747894,17273,0,0
2020-04-11T10:28:35,747894,17273,0,0
2020-04-11T10:28:37,747633,17273,-261,0
2020-04-11T10:28:40,747633,17273,0,0
2020-04-11T10:28:43,747633,17273,0,0
2020-04-11T10:28:45,747633,17273,0,0
2020-04-11T10:28:47,747633,17274,0,50
2020-04-11T10:28:49,747633,17274,0,0
2020-04-11T10:28:52,747633,17274,0,0
2020-04-11T10:28:54,747633,17274,0,0
2020-04-11T10:28:57,747633,17274,0,0
2020-04-11T10:28:59,747633,17274,0,0
2020-04-11T10:29:02,747633,17273,0,-50
2020-04-11T10:29:04,747633,17273,0,0
2020-04-11T10:29:05,747633,17273,0,0
2020-04-11T10:29:08,747633,17273,0,0
2020-04-11T10:29:11,747633,17273,0,0
2020-04-11T10:29:14,747633,17273,0,0
2020-04-11T10:29:17,747633,17273,0,0
2020-04-11T10:29:19,747633,17273,0,0
2020-04-11T10:29:21,747633,17273,0,0
2020-04-11T10:29:23,747633,17273,0,0
2020-04-11T10:29:26,747360,17273,-273,0
2020-04-11T10:29:29,747360,17273,0,0
2020-04-11T10:29:31,747360,17273,0,0
2020-04-11T10:29:34,747360,17273,0,0
2020-04-11T10:29:35,747360,17231,0,-2100
2020-04-11T10:29:38,747360,17231,0,0
2020-04-11T10:29:40,747360,17231,0,0
2020-04-11T10:29:43,747360,17237,0,300
2020-04-11T10:29:45,747360,17237,0,0
2020-04-11T10:29:47,747507,17237,147,0
2020-04-11T10:29:51,747507,17237,0,0
2020-04-11T10:29:53,747507,17255,0,900
2020-04-11T10:29:55,747507,17255,0,0
2020-04-11T10:29:57,747342,17255,-165,0
2020-04-11T10:30:01,747154,17255,-188,0
2020-04-11T10:30:03,747154,17246,0,-450
2020-04-11T10:30:06,747320,17246,166,0
2020-04-11T10:30:08,747320,17246,0,0
2020-04-11T10:30:10,747320,17246,0,0
2020-04-11T10:30:13,747320,17246,0,0
2020-04-11T10:30:15,747320,17238,0,-400
2020-04-11T10:30:17,747320,17238,0,0
2020-04-11T10:30:19,747320,17238,0,0
2020-04-11T10:30:22,747320,17238,0,0
2020-04-11T10:30:25,747320,17239,0,50
2020-04-11T10:30:27,747320,17239,0,0
2020-04-11T10:30:29,747596,17239,276,0
2020-04-11T10:30:31,747596,17239,0,0
2020-04-11T10:30:33,747596,17238,0,-50
2020-04-11T10:30:36,747596,17238,0,0
2020-04-11T10:30:38,747596,17238,0,0
2020-04-11T10:30:41,747596,17238,0,0
2020-04-11T10:30:43,747596,17238,0,0
2020-04-11T10:30:45,747596,17239,0,50
2020-04-11T10:30:48,747596,17239,0,0
2020-04-11T10:30:51,747596,17241,0,100
2020-04-11T10:30:53,747596,17241,0,0
2020-04-11T10:30:55,747596,17241,0,0
2020-04-11T10:30:57,747596,17241,0,0
2020-04-11T10:31:00,747596,17241,0,0
2020-04-11T10:31:03,747596,17241,0,0
2020-04-11T10:31:06,747596,17245,0,200
2020-04-11T10:31:08,747596,17245,0,0
2020-04-11T10:31:11,747874,17245,278,0
2020-04-11T10:31:13,747874,17245,0,0
2020-04-11T10:31:15,748040,17245,166,0
2020-04-11T10:31:17,748070,17250,30,250
2020-04-11T10:31:20,748070,17250,0,0
2020-04-11T10:31:23,748171,17250,101,0
2020-04-11T10:31:25,748171,17250,0,0
2020-04-11T10:31:27,748171,17259,0,450
2020-04-11T10:31:30,748171,17259,0,0
2020-04-11T10:31:32,748171,17259,0,0
2020-04-11T10:31:35,748171,17259,0,0
2020-04-11T10:31:37,748171,17258,0,-50
2020-04-11T10:31:39,748171,17258,0,0
2020-04-11T10:31:42,747596,17258,-575,0
2020-04-11T10:31:44,747596,17258,0,0
2020-04-11T10:31:46,747599,17258,3,0
2020-04-11T10:31:49,747599,17260,0,100
2020-04-11T10:31:51,747599,17260,0,0
2020-04-11T10:31:53,747599,17260,0,0
2020-04-11T10:31:56,747599,17260,0,0
2020-04-11T10:31:59,747742,17260,143,0
2020-04-11T10:32:01,747742,17264,0,200
2020-04-11T10:32:03,747742,17264,0,0
2020-04-11T10:32:06,747742,17264,0,0
2020-04-11T10:32:08,747742,17264,0,0
2020-04-11T10:32:11,747742,17251,0,-650
2020-04-11T10:32:13,747742,17251,0,0
2020-04-11T10:32:17,747742,17251,0,0
2020-04-11T10:32:19,747742,17251,0,0
2020-04-11T10:32:22,747742,17251,0,0
2020-04-11T10:32:24,747742,17251,0,0
2020-04-11T10:32:27,747742,17251,0,0
2020-04-11T10:32:29,747742,17251,0,0
2020-04-11T10:32:31,747742,17256,0,250
2020-04-11T10:32:33,747742,17256,0,0
2020-04-11T10:32:36,747742,17256,0,0
2020-04-11T10:32:38,747742,17256,0,0
2020-04-11T10:32:41,747742,17256,0,0
2020-04-11T10:32:43,747742,17255,0,-50
2020-04-11T10:32:45,747742,17255,0,0
2020-04-11T10:32:48,747742,17255,0,0
2020-04-11T10:32:51,747742,17255,0,0
2020-04-11T10:32:53,747742,17251,0,-200
2020-04-11T10:32:55,747742,17251,0,0
2020-04-11T10:32:57,747742,17251,0,0
2020-04-11T10:33:00,747742,17251,0,0
2020-04-11T10:33:03,747742,17251,0,0
2020-04-11T10:33:05,747297,17251,-445,0
2020-04-11T10:33:08,747356,17251,59,0
2020-04-11T10:33:10,747360,17251,4,0
2020-04-11T10:33:13,747360,17251,0,0
2020-04-11T10:33:15,747360,17251,0,0
2020-04-11T10:33:17,747360,17251,0,0
2020-04-11T10:33:20,747360,17251,0,0
2020-04-11T10:33:22,747360,17251,0,0
2020-04-11T10:33:25,747360,17251,0,0
2020-04-11T10:33:27,747360,17251,0,0
2020-04-11T10:33:29,747360,17251,0,0
2020-04-11T10:33:32,748000,17251,640,0
2020-04-11T10:33:34,748000,17250,0,-50
2020-04-11T10:33:36,748000,17250,0,0
2020-04-11T10:33:39,748000,17250,0,0
2020-04-11T10:33:42,748000,17250,0,0
2020-04-11T10:33:44,748000,17250,0,0
2020-04-11T10:33:46,748000,17250,0,0
2020-04-11T10:33:49,748000,17250,0,0
2020-04-11T10:33:51,748000,17250,0,0
2020-04-11T10:33:53,748000,17250,0,0
2020-04-11T10:33:56,748000,17250,0,0
2020-04-11T10:33:59,748000,17250,0,0
2020-04-11T10:34:01,748000,17250,0,0
2020-04-11T10:34:04,748000,17250,0,0
2020-04-11T10:34:05,748000,17250,0,0
2020-04-11T10:34:08,748000,17250,0,0
2020-04-11T10:34:10,748000,17250,0,0
2020-04-11T10:34:13,748000,17250,0,0
2020-04-11T10:34:15,748000,17250,0,0
2020-04-11T10:34:18,748000,17250,0,0
2020-04-11T10:34:21,748000,17219,0,-1550
2020-04-11T10:34:23,748000,17219,0,0
2020-04-11T10:34:25,748000,17219,0,0
2020-04-11T10:34:28,748000,17220,0,50
2020-04-11T10:34:30,747826,17220,-174,0
2020-04-11T10:34:32,747824,17220,-2,0
2020-04-11T10:34:34,747824,17220,0,0
2020-04-11T10:34:36,747824,17225,0,250
2020-04-11T10:34:39,747365,17225,-459,0
2020-04-11T10:34:42,747365,17225,0,0
2020-04-11T10:34:44,747365,17225,0,0
2020-04-11T10:34:46,747920,17195,555,-1500
2020-04-11T10:34:48,747920,17195,0,0
2020-04-11T10:34:51,748088,17195,168,0
2020-04-11T10:34:54,748088,17222,0,1350
2020-04-11T10:34:56,748088,17222,0,0
2020-04-11T10:34:59,748088,17223,0,50
2020-04-11T10:35:01,748088,17223,0,0
2020-04-11T10:35:04,748088,17223,0,0
2020-04-11T10:35:06,748088,17223,0,0
2020-04-11T10:35:09,748088,17224,0,50
2020-04-11T10:35:11,748088,17224,0,0
2020-04-11T10:35:14,747989,17224,-99,0
2020-04-11T10:35:16,747989,17224,0,0
2020-04-11T10:35:18,747739,17214,-250,-500
2020-04-11T10:35:20,747739,17215,0,50
2020-04-11T10:35:23,747739,17215,0,0
2020-04-11T10:35:25,747739,17214,0,-50
2020-04-11T10:35:27,747739,17214,0,0
2020-04-11T10:35:30,747198,17214,-541,0
2020-04-11T10:35:33,747496,17214,298,0
2020-04-11T10:35:34,747496,17214,0,0
2020-04-11T10:35:37,747496,17214,0,0
2020-04-11T10:35:39,747496,17206,0,-400
2020-04-11T10:35:42,747496,17206,0,0
2020-04-11T10:35:44,747496,17206,0,0
2020-04-11T10:35:46,747496,17206,0,0
2020-04-11T10:35:49,747496,17206,0,0
2020-04-11T10:35:51,747496,17206,0,0
2020-04-11T10:35:53,747496,17194,0,-600
2020-04-11T10:35:56,747496,17194,0,0
2020-04-11T10:35:58,747496,17194,0,0
2020-04-11T10:36:00,747473,17194,-23,0
2020-04-11T10:36:02,747496,17194,23,0
2020-04-11T10:36:05,747153,17194,-343,0
2020-04-11T10:36:08,747153,17194,0,0
2020-04-11T10:36:10,747153,17192,0,-100
2020-04-11T10:36:12,747153,17192,0,0
2020-04-11T10:36:14,747153,17192,0,0
2020-04-11T10:36:17,747153,17192,0,0
2020-04-11T10:36:19,747810,17192,657,0
2020-04-11T10:36:21,747810,17192,0,0
2020-04-11T10:36:23,747634,17192,-176,0
2020-04-11T10:36:26,747634,17192,0,0
2020-04-11T10:36:29,747634,17192,0,0
2020-04-11T10:36:31,747634,17198,0,300
2020-04-11T10:36:33,747634,17198,0,0
2020-04-11T10:36:36,747705,17198,71,0
2020-04-11T10:36:38,747705,17198,0,0
2020-04-11T10:36:40,747733,17198,28,0
2020-04-11T10:36:43,747733,17198,0,0
2020-04-11T10:36:45,747733,17198,0,0
2020-04-11T10:36:47,747733,17198,0,0
2020-04-11T10:36:50,747733,17198,0,0
2020-04-11T10:36:52,747536,17193,-197,-250
2020-04-11T10:36:54,747539,17193,3,0
2020-04-11T10:36:57,747539,17193,0,0
2020-04-11T10:36:59,747539,17193,0,0
2020-04-11T10:37:02,747539,17193,0,0
2020-04-11T10:37:04,747539,17198,0,250
2020-04-11T10:37:07,747539,17198,0,0
2020-04-11T10:37:10,747539,17198,0,0
2020-04-11T10:37:12,747539,17198,0,0
2020-04-11T10:37:15,747539,17194,0,-200
2020-04-11T10:37:18,747539,17194,0,0
2020-04-11T10:37:20,747539,17194,0,0
2020-04-11T10:37:23,747539,17194,0,0
2020-04-11T10:37:25,747065,17194,-474,0
2020-04-11T10:37:27,747065,17194,0,0
2020-04-11T10:37:29,747065,17194,0,0
2020-04-11T10:37:33,747065,17194,0,0
2020-04-11T10:37:35,747065,17194,0,0
2020-04-11T10:37:38,747932,17190,867,-200
2020-04-11T10:37:39,747932,17190,0,0
2020-04-11T10:37:42,747932,17190,0,0
2020-04-11T10:37:44,747932,17190,0,0
2020-04-11T10:37:47,747932,17190,0,0
2020-04-11T10:37:49,747932,17190,0,0
2020-04-11T10:37:51,747932,17190,0,0
2020-04-11T10:37:53,747932,17190,0,0
2020-04-11T10:37:56,747932,17190,0,0
2020-04-11T10:37:59,747932,17190,0,0
2020-04-11T10:38:02,747932,17190,0,0
2020-04-11T10:38:04,747932,17190,0,0
2020-04-11T10:38:07,747932,17190,0,0
2020-04-11T10:38:09,747606,17191,-326,50
2020-04-11T10:38:11,747606,17191,0,0
2020-04-11T10:38:14,747606,17191,0,0
2020-04-11T10:38:17,747606,17191,0,0
2020-04-11T10:38:18,747606,17191,0,0
2020-04-11T10:38:21,747606,17191,0,0
2020-04-11T10:38:24,747606,17191,0,0
2020-04-11T10:38:26,747606,17191,0,0
2020-04-11T10:38:28,747606,17191,0,0
2020-04-11T10:38:31,747606,17191,0,0
2020-04-11T10:38:33,747436,17191,-170,0
2020-04-11T10:38:36,747436,17191,0,0
2020-04-11T10:38:38,747004,17191,-432,0
2020-04-11T10:38:40,747005,17191,1,0
2020-04-11T10:38:43,747000,17191,-5,0
2020-04-11T10:38:45,747000,17191,0,0
2020-04-11T10:38:48,747000,17191,0,0
2020-04-11T10:38:49,747000,17191,0,0
2020-04-11T10:38:53,747000,17190,0,-50
2020-04-11T10:38:54,747000,17190,0,0
2020-04-11T10:38:57,747000,17190,0,0
2020-04-11T10:39:00,747000,17190,0,0
2020-04-11T10:39:03,747000,17190,0,0
2020-04-11T10:39:05,747000,17182,0,-400
2020-04-11T10:39:06,747000,17182,0,0
2020-04-11T10:39:09,747000,17182,0,0
2020-04-11T10:39:12,747000,17182,0,0
2020-04-11T10:39:14,747000,17182,0,0
2020-04-11T10:39:16,747000,17182,0,0
2020-04-11T10:39:19,747000,17182,0,0
2020-04-11T10:39:21,747000,17182,0,0
2020-04-11T10:39:24,747000,17182,0,0
2020-04-11T10:39:26,747000,17182,0,0
2020-04-11T10:39:28,747000,17182,0,0
2020-04-11T10:39:31,747000,17182,0,0
2020-04-11T10:39:33,747000,17182,0,0
2020-04-11T10:39:35,747000,17182,0,0
2020-04-11T10:39:37,747000,17182,0,0
2020-04-11T10:39:40,747000,17182,0,0
2020-04-11T10:39:42,747000,17182,0,0
2020-04-11T10:39:45,747100,17183,100,50
2020-04-11T10:39:48,747100,17183,0,0
2020-04-11T10:39:50,747100,17183,0,0
2020-04-11T10:39:53,747010,17183,-90,0
2020-04-11T10:39:55,747010,17183,0,0
2020-04-11T10:39:58,747010,17183,0,0
2020-04-11T10:39:59,747010,17183,0,0
2020-04-11T10:40:02,747010,17183,0,0
2020-04-11T10:40:05,747000,17183,-10,0
2020-04-11T10:40:07,747000,17198,0,750
2020-04-11T10:40:09,747000,17198,0,0
2020-04-11T10:40:12,747000,17198,0,0
2020-04-11T10:40:15,747000,17198,0,0
2020-04-11T10:40:17,747434,17183,434,-750
2020-04-11T10:40:19,747617,17183,183,0
2020-04-11T10:40:21,747617,17183,0,0
2020-04-11T10:40:24,747617,17183,0,0
2020-04-11T10:40:26,747617,17183,0,0
2020-04-11T10:40:28,747617,17183,0,0
2020-04-11T10:40:31,747617,17183,0,0
2020-04-11T10:40:33,747539,17183,-78,0
2020-04-11T10:40:35,747540,17183,1,0
2020-04-11T10:40:38,747294,17182,-246,-50
2020-04-11T10:40:40,747294,17182,0,0
2020-04-11T10:40:43,747294,17182,0,0
2020-04-11T10:40:45,747294,17182,0,0
2020-04-11T10:40:47,747294,17182,0,0
2020-04-11T10:40:50,747085,17182,-209,0
2020-04-11T10:40:53,747085,17182,0,0
2020-04-11T10:40:55,747085,17182,0,0
2020-04-11T10:40:58,747633,17182,548,0
2020-04-11T10:40:59,747633,17183,0,50
2020-04-11T10:41:02,747633,17183,0,0
2020-04-11T10:41:05,747633,17183,0,0
2020-04-11T10:41:06,747633,17183,0,0
2020-04-11T10:41:09,747633,17182,0,-50
2020-04-11T10:41:12,747633,17182,0,0
2020-04-11T10:41:14,747633,17182,0,0
2020-04-11T10:41:16,747653,17182,20,0
2020-04-11T10:41:18,747653,17182,0,0
2020-04-11T10:41:21,747653,17182,0,0
2020-04-11T10:41:23,747608,17182,-45,0
2020-04-11T10:41:25,747608,17182,0,0
2020-04-11T10:41:27,747608,17182,0,0
2020-04-11T10:41:30,747608,17182,0,0
2020-04-11T10:41:33,747608,17182,0,0
2020-04-11T10:41:34,747608,17182,0,0
2020-04-11T10:41:37,747608,17182,0,0
2020-04-11T10:41:40,747608,17182,0,0
2020-04-11T10:41:41,747505,17182,-103,0
2020-04-11T10:41:44,747505,17182,0,0
2020-04-11T10:41:46,747505,17182,0,0
2020-04-11T10:41:49,747445,17182,-60,0
2020-04-11T10:41:51,747445,17182,0,0
2020-04-11T10:41:53,747445,17182,0,0
2020-04-11T10:41:56,747445,17182,0,0
2020-04-11T10:41:58,747445,17182,0,0
2020-04-11T10:42:01,747445,17182,0,0
2020-04-11T10:42:03,747445,17182,0,0
2020-04-11T10:42:05,747445,17182,0,0
2020-04-11T10:42:08,747445,17182,0,0
2020-04-11T10:42:10,747411,17182,-34,0
2020-04-11T10:42:12,747411,17182,0,0
2020-04-11T10:42:15,747411,17182,0,0
2020-04-11T10:42:16,747411,17182,0,0
2020-04-11T10:42:19,747411,17182,0,0
2020-04-11T10:42:22,747411,17182,0,0
2020-04-11T10:42:24,747411,17182,0,0
2020-04-11T10:42:26,747411,17182,0,0
2020-04-11T10:42:28,747411,17182,0,0
2020-04-11T10:42:32,747411,17182,0,0
2020-04-11T10:42:33,747411,17182,0,0
2020-04-11T10:42:36,747411,17182,0,0
2020-04-11T10:42:38,747411,17182,0,0
2020-04-11T10:42:41,747411,17182,0,0
2020-04-11T10:42:43,747411,17182,0,0
2020-04-11T10:42:45,747411,17182,0,0
2020-04-11T10:42:48,747411,17182,0,0
2020-04-11T10:42:51,747411,17182,0,0
2020-04-11T10:42:53,747411,17182,0,0
2020-04-11T10:42:55,747411,17182,0,0
2020-04-11T10:42:57,747411,17182,0,0
2020-04-11T10:43:00,747411,17182,0,0
2020-04-11T10:43:03,747411,17182,0,0
2020-04-11T10:43:05,747411,17182,0,0
2020-04-11T10:43:08,747411,17182,0,0
2020-04-11T10:43:10,747427,17182,16,0
2020-04-11T10:43:12,747427,17182,0,0
2020-04-11T10:43:15,747427,17182,0,0
2020-04-11T10:43:17,747427,17182,0,0
2020-04-11T10:43:19,747427,17182,0,0
2020-04-11T10:43:21,747427,17182,0,0
2020-04-11T10:43:24,747427,17182,0,0
2020-04-11T10:43:26,747427,17182,0,0
2020-04-11T10:43:29,747427,17182,0,0
2020-04-11T10:43:31,747427,17182,0,0
2020-04-11T10:43:34,747427,17182,0,0
2020-04-11T10:43:35,747427,17182,0,0
2020-04-11T10:43:38,747523,17182,96,0
2020-04-11T10:43:40,747523,17182,0,0
2020-04-11T10:43:43,747412,17182,-111,0
2020-04-11T10:43:45,747412,17182,0,0
2020-04-11T10:43:48,747412,17182,0,0
2020-04-11T10:43:49,747412,17182,0,0
2020-04-11T10:43:52,747412,17182,0,0
2020-04-11T10:43:54,747412,17182,0,0
2020-04-11T10:43:56,747412,17182,0,0
2020-04-11T10:44:00,747412,17182,0,0
2020-04-11T10:44:02,747412,17182,0,0
2020-04-11T10:44:04,747412,17182,0,0
2020-04-11T10:44:06,747412,17182,0,0
2020-04-11T10:44:09,747412,17182,0,0
2020-04-11T10:44:11,747412,17182,0,0
2020-04-11T10:44:14,747412,17182,0,0
2020-04-11T10:44:16,747412,17182,0,0
2020-04-11T10:44:19,747412,17182,0,0
2020-04-11T10:44:21,747411,17182,-1,0
2020-04-11T10:44:23,747411,17182,0,0
2020-04-11T10:44:26,747411,17182,0,0
2020-04-11T10:44:29,747411,17182,0,0
2020-04-11T10:44:32,747411,17182,0,0
2020-04-11T10:44:33,747411,17184,0,100
2020-04-11T10:44:36,747411,17184,0,0
2020-04-11T10:44:39,747411,17184,0,0
2020-04-11T10:44:40,747411,17184,0,0
2020-04-11T10:44:43,747411,17184,0,0
2020-04-11T10:44:46,747411,17182,0,-100
2020-04-11T10:44:48,747411,17182,0,0
2020-04-11T10:44:51,747432,17182,21,0
2020-04-11T10:44:53,747433,17182,1,0
2020-04-11T10:44:55,747433,17182,0,0
2020-04-11T10:44:58,747433,17182,0,0
2020-04-11T10:45:00,747433,17182,0,0
2020-04-11T10:45:02,747433,17182,0,0
2020-04-11T10:45:04,747450,17182,17,0
2020-04-11T10:45:07,747450,17182,0,0
2020-04-11T10:45:09,747412,17182,-38,0
2020-04-11T10:45:12,747412,17182,0,0
2020-04-11T10:45:14,747412,17182,0,0
2020-04-11T10:45:17,747412,17182,0,0
2020-04-11T10:45:20,747412,17182,0,0
2020-04-11T10:45:21,747412,17182,0,0
2020-04-11T10:45:24,747412,17182,0,0
2020-04-11T10:45:26,747412,17182,0,0
2020-04-11T10:45:28,747411,17182,-1,0
2020-04-11T10:45:31,747411,17182,0,0
2020-04-11T10:45:33,747411,17182,0,0
2020-04-11T10:45:36,747411,17182,0,0
2020-04-11T10:45:38,747411,17182,0,0
2020-04-11T10:45:39,747411,17182,0,0
2020-04-11T10:45:43,747411,17182,0,0
2020-04-11T10:45:45,747416,17182,5,0
2020-04-11T10:45:49,747416,17182,0,0
2020-04-11T10:45:50,747416,17182,0,0
2020-04-11T10:45:53,747416,17182,0,0
2020-04-11T10:45:55,747411,17182,-5,0
2020-04-11T10:45:58,747411,17183,0,50
2020-04-11T10:46:00,747411,17183,0,0
2020-04-11T10:46:03,747411,17183,0,0
2020-04-11T10:46:05,747411,17183,0,0
2020-04-11T10:46:07,747411,17183,0,0
2020-04-11T10:46:10,747411,17182,0,-50
2020-04-11T10:46:12,747411,17182,0,0
2020-04-11T10:46:15,747411,17182,0,0
2020-04-11T10:46:18,747411,17182,0,0
2020-04-11T10:46:20,747411,17182,0,0
2020-04-11T10:46:22,747411,17182,0,0
2020-04-11T10:46:25,747411,17182,0,0
2020-04-11T10:46:27,747044,17182,-367,0
2020-04-11T10:46:29,747044,17182,0,0
2020-04-11T10:46:32,747044,17182,0,0
2020-04-11T10:46:34,747044,17182,0,0
2020-04-11T10:46:37,747044,17182,0,0
2020-04-11T10:46:39,747044,17182,0,0
2020-04-11T10:46:42,747044,17182,0,0
2020-04-11T10:46:45,747044,17182,0,0
2020-04-11T10:46:47,747044,17182,0,0
2020-04-11T10:46:49,747044,17182,0,0
2020-04-11T10:46:52,747044,17182,0,0
2020-04-11T10:46:54,747044,17182,0,0
2020-04-11T10:46:56,747044,17182,0,0
2020-04-11T10:46:58,747052,17182,8,0
2020-04-11T10:47:00,747052,17182,0,0
2020-04-11T10:47:04,747052,17182,0,0
2020-04-11T10:47:06,747052,17182,0,0
2020-04-11T10:47:08,747026,17182,-26,0
2020-04-11T10:47:10,747026,17182,0,0
2020-04-11T10:47:12,747026,17182,0,0
2020-04-11T10:47:15,747026,17182,0,0
2020-04-11T10:47:18,747026,17182,0,0
2020-04-11T10:47:20,747026,17182,0,0
2020-04-11T10:47:23,747026,17182,0,0
2020-04-11T10:47:25,747026,17182,0,0
2020-04-11T10:47:27,747026,17182,0,0
2020-04-11T10:47:29,747026,17182,0,0
2020-04-11T10:47:32,747026,17182,0,0
2020-04-11T10:47:34,747026,17182,0,0
2020-04-11T10:47:36,747026,17182,0,0
2020-04-11T10:47:39,747026,17182,0,0
2020-04-11T10:47:41,747026,17182,0,0
2020-04-11T10:47:44,747026,17182,0,0
2020-04-11T10:47:46,747044,17182,18,0
2020-04-11T10:47:49,747026,17182,-18,0
2020-04-11T10:47:51,747026,17182,0,0
2020-04-11T10:47:53,747026,17182,0,0
2020-04-11T10:47:56,746800,17182,-226,0
2020-04-11T10:47:58,746520,17182,-280,0
2020-04-11T10:48:01,746520,17182,0,0
2020-04-11T10:48:03,746520,17182,0,0
2020-04-11T10:48:05,746520,17182,0,0
2020-04-11T10:48:08,746520,17182,0,0
2020-04-11T10:48:09,746520,17182,0,0
2020-04-11T10:48:13,746500,17182,-20,0
2020-04-11T10:48:14,746500,17182,0,0
2020-04-11T10:48:16,746500,17182,0,0
2020-04-11T10:48:19,746500,17182,0,0
2020-04-11T10:48:22,746500,17182,0,0
2020-04-11T10:48:25,746520,17182,20,0
2020-04-11T10:48:27,746520,17182,0,0
2020-04-11T10:48:30,746500,17182,-20,0
2020-04-11T10:48:32,746500,17182,0,0
2020-04-11T10:48:34,746500,17182,0,0
2020-04-11T10:48:37,746500,17182,0,0
2020-04-11T10:48:40,746500,17182,0,0
2020-04-11T10:48:41,746500,17182,0,0
2020-04-11T10:48:44,746500,17182,0,0
2020-04-11T10:48:47,746500,17182,0,0
2020-04-11T10:48:49,746500,17182,0,0
2020-04-11T10:48:51,746500,17182,0,0
2020-04-11T10:48:54,746500,17182,0,0
2020-04-11T10:48:56,746899,17182,399,0
2020-04-11T10:48:58,746899,17182,0,0
2020-04-11T10:49:01,746899,17182,0,0
2020-04-11T10:49:03,746899,17182,0,0
2020-04-11T10:49:05,746899,17182,0,0
2020-04-11T10:49:07,746938,17183,39,50
2020-04-11T10:49:10,746899,17183,-39,0
2020-04-11T10:49:12,746899,17183,0,0
2020-04-11T10:49:16,746899,17183,0,0
2020-04-11T10:49:18,746899,17183,0,0
2020-04-11T10:49:20,746899,17183,0,0
2020-04-11T10:49:23,746500,17183,-399,0
2020-04-11T10:49:25,746650,17183,150,0
2020-04-11T10:49:27,746650,17183,0,0
2020-04-11T10:49:30,746650,17183,0,0
2020-04-11T10:49:33,746060,17183,-590,0
2020-04-11T10:49:35,746322,17183,262,0
2020-04-11T10:49:37,746322,17183,0,0
2020-04-11T10:49:40,746322,17183,0,0
2020-04-11T10:49:43,746319,17183,-3,0
2020-04-11T10:49:45,746319,17183,0,0
2020-04-11T10:49:47,746319,17183,0,0
2020-04-11T10:49:50,746622,17183,303,0
2020-04-11T10:49:52,746622,17183,0,0
2020-04-11T10:49:54,746859,17183,237,0
2020-04-11T10:49:57,746813,17182,-46,-50
2020-04-11T10:50:00,746817,17182,4,0
2020-04-11T10:50:03,746817,17182,0,0
2020-04-11T10:50:04,746512,17182,-305,0
2020-04-11T10:50:07,746512,17182,0,0
2020-04-11T10:50:11,746512,17182,0,0
2020-04-11T10:50:14,746512,17182,0,0
2020-04-11T10:50:16,746512,17182,0,0
2020-04-11T10:50:18,746512,17182,0,0
2020-04-11T10:50:21,746512,17182,0,0
2020-04-11T10:50:24,746778,17182,266,0
2020-04-11T10:50:25,746512,17182,-266,0
2020-04-11T11:03:28,746593,17191,81,450
2020-04-11T11:03:31,746593,17192,0,50
2020-04-11T11:03:34,746593,17192,0,0
2020-04-11T11:03:36,746593,17185,0,-350
2020-04-11T11:03:39,746593,17185,0,0
2020-04-11T11:03:41,746593,17185,0,0
2020-04-11T11:03:44,746593,17198,0,650
2020-04-11T11:03:47,746637,17210,44,600
2020-04-11T11:03:49,746637,17210,0,0
2020-04-11T11:03:52,746637,17210,0,0
2020-04-11T11:03:54,747220,17210,583,0
2020-04-11T11:03:56,747540,17207,320,-150
2020-04-11T11:03:58,747071,17207,-469,0
2020-04-11T11:04:02,747071,17207,0,0
2020-04-11T11:04:04,747071,17207,0,0
2020-04-11T11:04:07,747071,17211,0,200
2020-04-11T11:04:09,747071,17211,0,0
2020-04-11T11:04:11,747071,17230,0,950
2020-04-11T11:04:14,747071,17230,0,0
2020-04-11T11:04:16,746986,17214,-85,-800
2020-04-11T11:04:19,746986,17214,0,0
2020-04-11T11:04:39,747162,17214,176,0
2020-04-11T11:04:42,747162,17214,0,0
2020-04-11T11:04:43,747162,17214,0,0
2020-04-11T11:04:46,747069,17217,-93,150
2020-04-11T11:04:48,747069,17217,0,0
2020-04-11T11:04:50,747606,17217,537,0
2020-04-11T11:04:54,747606,17238,0,1050
2020-04-11T11:04:56,747416,17239,-190,50
2020-04-11T11:04:58,747416,17240,0,50
2020-04-11T11:05:00,747416,17240,0,0
2020-04-11T11:05:02,747416,17240,0,0
2020-04-11T11:05:05,747416,17219,0,-1050
2020-04-11T11:05:08,747416,17219,0,0
2020-04-11T11:05:10,747316,17235,-100,800
2020-04-11T11:05:12,747316,17235,0,0
2020-04-11T11:05:15,747316,17235,0,0
2020-04-11T11:05:17,747174,17235,-142,0
2020-04-11T11:05:20,747174,17214,0,-1050
2020-04-11T11:05:22,747160,17236,-14,1100
2020-04-11T11:05:24,747160,17236,0,0
2020-04-11T11:05:27,747220,17236,60,0
2020-04-11T11:05:29,747220,17215,0,-1050
2020-04-11T11:05:31,747220,17215,0,0
2020-04-11T11:05:34,747220,17215,0,0
2020-04-11T11:05:37,747220,17215,0,0
2020-04-11T11:05:39,747220,17215,0,0
2020-04-11T11:05:41,747220,17215,0,0
2020-04-11T11:05:43,747220,17215,0,0
2020-04-11T11:05:46,747220,17215,0,0
2020-04-11T11:05:48,747220,17214,0,-50
2020-04-11T11:05:51,747220,17214,0,0
2020-04-11T11:05:53,747220,17214,0,0
2020-04-11T11:05:56,747194,17214,-26,0
2020-04-11T11:05:58,747043,17214,-151,0
2020-04-11T11:06:01,747043,17214,0,0
2020-04-11T11:06:03,747043,17214,0,0
2020-04-11T11:06:05,747043,17214,0,0
2020-04-11T11:06:07,747061,17214,18,0
2020-04-11T11:06:10,747061,17214,0,0
2020-04-11T11:06:12,747061,17214,0,0
2020-04-11T11:06:14,747061,17214,0,0
2020-04-11T11:06:17,747061,17214,0,0
2020-04-11T11:06:20,747360,17214,299,0
2020-04-11T11:06:22,747360,17215,0,50
2020-04-11T11:06:24,747360,17215,0,0
2020-04-11T11:06:27,747360,17215,0,0
2020-04-11T11:06:28,747360,17215,0,0
2020-04-11T11:06:32,747456,17215,96,0
2020-04-11T11:06:34,747456,17215,0,0
2020-04-11T11:06:36,747456,17215,0,0
2020-04-11T11:06:39,747483,17215,27,0
2020-04-11T11:06:42,747483,17216,0,50
2020-04-11T11:06:44,747483,17216,0,0
2020-04-11T11:06:46,747483,17216,0,0
2020-04-11T11:06:49,747483,17216,0,0
2020-04-11T11:06:51,747483,17216,0,0
2020-04-11T11:06:53,747483,17218,0,100
2020-04-11T11:06:56,748109,17218,626,0
2020-04-11T11:06:58,748109,17218,0,0
2020-04-11T11:07:00,748109,17218,0,0
2020-04-11T11:07:03,748110,17218,1,0
2020-04-11T11:07:06,748140,17225,30,350
2020-04-11T11:07:08,748300,17225,160,0
2020-04-11T11:07:11,748450,17225,150,0
2020-04-11T11:07:13,748450,17226,0,50
2020-04-11T11:07:15,748450,17226,0,0
2020-04-11T11:07:18,748450,17226,0,0
2020-04-11T11:07:21,748029,17226,-421,0
2020-04-11T11:07:23,748029,17227,0,50
2020-04-11T11:07:25,748029,17227,0,0
2020-04-11T11:07:27,748037,17227,8,0
2020-04-11T11:07:30,748037,17227,0,0
2020-04-11T11:07:33,749000,17227,963,0
2020-04-11T11:07:35,748721,17236,-279,450
2020-04-11T11:07:37,748695,17236,-26,0
2020-04-11T11:07:39,748696,17236,1,0
2020-04-11T11:07:41,748696,17236,0,0
2020-04-11T11:07:44,748799,17243,103,350
2020-04-11T11:07:46,748798,17243,-1,0
2020-04-11T11:07:49,748709,17243,-89,0
2020-04-11T11:07:51,748900,17244,191,50
2020-04-11T11:07:53,749500,17244,600,0
2020-04-11T11:07:56,749578,17250,78,300
2020-04-11T11:07:58,749582,17250,4,0
2020-04-11T11:08:01,749297,17250,-285,0
2020-04-11T11:08:03,749297,17250,0,0
2020-04-11T11:08:05,749297,17282,0,1600
2020-04-11T11:08:08,749614,17282,317,0
2020-04-11T11:08:09,749614,17282,0,0
2020-04-11T11:08:12,749614,17290,0,400
2020-04-11T11:08:14,749614,17283,0,-350
2020-04-11T11:08:17,749868,17283,254,0
2020-04-11T11:08:19,749868,17283,0,0
2020-04-11T11:08:22,749810,17283,-58,0
2020-04-11T11:08:25,750412,17290,602,350
2020-04-11T11:08:27,750382,17287,-30,-150
2020-04-11T11:08:29,750385,17300,3,650
2020-04-11T11:08:31,750386,17300,1,0
2020-04-11T11:08:34,750652,17300,266,0
2020-04-11T11:08:36,750389,17309,-263,450
2020-04-11T11:08:39,750412,17310,23,50
2020-04-11T11:08:41,750185,17310,-227,0
2020-04-11T11:08:44,750096,17310,-89,0
2020-04-11T11:08:46,749834,17310,-262,0
2020-04-11T11:08:48,749890,17310,56,0
2020-04-11T11:08:51,749999,17310,109,0
2020-04-11T11:08:53,749999,17310,0,0
2020-04-11T11:08:56,749636,17310,-363,0
2020-04-11T11:08:57,749638,17309,2,-50
2020-04-11T11:09:00,749999,17309,361,0
2020-04-11T11:09:03,749694,17309,-305,0
2020-04-11T11:09:05,749694,17309,0,0
2020-04-11T11:09:08,749694,17316,0,350
2020-04-11T11:09:11,749694,17316,0,0
2020-04-11T11:09:13,749945,17316,251,0
2020-04-11T11:09:16,749945,17316,0,0
2020-04-11T11:09:17,749670,17316,-275,0
2020-04-11T11:09:20,749670,17316,0,0
2020-04-11T11:09:23,749670,17334,0,900
2020-04-11T11:09:25,749696,17334,26,0
2020-04-11T11:09:28,749696,17334,0,0
2020-04-11T11:09:30,749696,17303,0,-1550
2020-04-11T11:09:32,750181,17303,485,0
2020-04-11T11:09:34,750181,17303,0,0
2020-04-11T11:09:37,750181,17303,0,0
2020-04-11T11:09:40,750181,17322,0,950
2020-04-11T11:09:42,750063,17322,-118,0
2020-04-11T11:09:44,750063,17322,0,0
2020-04-11T11:09:46,750063,17322,0,0
2020-04-11T11:09:49,750063,17322,0,0
2020-04-11T11:09:51,750063,17281,0,-2050
2020-04-11T11:09:54,750063,17281,0,0
2020-04-11T11:09:56,750063,17281,0,0
2020-04-11T11:09:59,750051,17281,-12,0
2020-04-11T11:10:01,749694,17283,-357,100
2020-04-11T11:10:04,749540,17283,-154,0
2020-04-11T11:10:06,749540,17283,0,0
2020-04-11T11:10:09,749968,17283,428,0
2020-04-11T11:10:11,749968,17283,0,0
2020-04-11T11:10:13,749968,17299,0,800
2020-04-11T11:10:16,750002,17299,34,0
2020-04-11T11:10:19,749968,17299,-34,0
2020-04-11T11:10:20,749968,17299,0,0
2020-04-11T11:10:23,749968,17294,0,-250
2020-04-11T11:10:25,749968,17294,0,0
2020-04-11T11:10:27,749968,17294,0,0
2020-04-11T11:10:29,749998,17294,30,0
2020-04-11T11:10:32,749998,17317,0,1150
2020-04-11T11:10:35,749998,17294,0,-1150
2020-04-11T11:10:37,749998,17294,0,0
2020-04-11T11:10:40,749998,17294,0,0
2020-04-11T11:10:42,749998,17294,0,0
2020-04-11T11:10:45,749998,17295,0,50
2020-04-11T11:10:46,749787,17295,-211,0
2020-04-11T11:10:49,749787,17295,0,0
2020-04-11T11:10:51,749787,17295,0,0
2020-04-11T11:10:54,749787,17295,0,0
2020-04-11T11:10:57,749787,17295,0,0
2020-04-11T11:10:59,749787,17295,0,0
2020-04-11T11:11:02,749787,17295,0,0
2020-04-11T11:11:04,749787,17295,0,0
2020-04-11T11:11:07,749700,17284,-87,-550
2020-04-11T11:11:09,749700,17284,0,0
2020-04-11T11:11:11,749700,17284,0,0
2020-04-11T11:11:14,749700,17287,0,150
2020-04-11T11:11:17,749468,17286,-232,-50
2020-04-11T11:11:19,749468,17287,0,50
2020-04-11T11:11:21,749468,17287,0,0
2020-04-11T11:11:24,749468,17287,0,0
2020-04-11T11:11:26,749468,17283,0,-200
2020-04-11T11:11:29,749468,17283,0,0
2020-04-11T11:11:31,749468,17283,0,0
2020-04-11T11:11:33,749468,17287,0,200
2020-04-11T11:11:35,749966,17289,498,100
2020-04-11T11:11:37,749966,17289,0,0
2020-04-11T11:11:40,749966,17289,0,0
2020-04-11T11:11:43,749966,17289,0,0
2020-04-11T11:11:45,749966,17289,0,0
2020-04-11T11:11:47,749966,17284,0,-250
2020-04-11T11:11:50,749966,17284,0,0
2020-04-11T11:11:52,749966,17284,0,0
2020-04-11T11:11:54,749966,17284,0,0
2020-04-11T11:11:56,749966,17284,0,0
2020-04-11T11:11:59,749957,17284,-9,0
2020-04-11T11:12:02,749957,17283,0,-50
2020-04-11T11:12:04,749521,17283,-436,0
2020-04-11T11:12:06,749521,17283,0,0
2020-04-11T11:12:09,749521,17284,0,50
2020-04-11T11:12:11,749521,17284,0,0
2020-04-11T11:12:13,749521,17284,0,0
2020-04-11T11:12:15,749521,17284,0,0
2020-04-11T11:12:18,749521,17284,0,0
2020-04-11T11:12:20,749600,17297,79,650
2020-04-11T11:12:23,749600,17297,0,0
2020-04-11T11:12:26,749600,17297,0,0
2020-04-11T11:12:28,749600,17297,0,0
2020-04-11T11:12:29,749600,17286,0,-550
2020-04-11T11:12:32,750012,17286,412,0
2020-04-11T11:12:34,750012,17286,0,0
2020-04-11T11:12:37,750012,17286,0,0
2020-04-11T11:12:39,750012,17285,0,-50
2020-04-11T11:12:42,750012,17285,0,0
2020-04-11T11:12:44,750012,17285,0,0
2020-04-11T11:12:47,750012,17294,0,450
2020-04-11T11:12:49,750012,17294,0,0
2020-04-11T11:12:51,749625,17291,-387,-150
2020-04-11T11:12:54,749625,17291,0,0
2020-04-11T11:12:57,749625,17291,0,0
2020-04-11T11:12:58,749625,17291,0,0
2020-04-11T11:13:01,749700,17291,75,0
2020-04-11T11:13:03,749622,17291,-78,0
2020-04-11T11:13:05,749622,17291,0,0
2020-04-11T11:13:08,749622,17284,0,-350
2020-04-11T11:13:11,749622,17284,0,0
2020-04-11T11:13:13,749622,17284,0,0
2020-04-11T11:13:16,749622,17284,0,0
2020-04-11T11:13:18,749622,17284,0,0
2020-04-11T11:13:21,749700,17284,78,0
2020-04-11T11:13:22,749700,17283,0,-50
2020-04-11T11:13:25,749700,17284,0,50
2020-04-11T11:13:27,749700,17284,0,0
2020-04-11T11:13:29,749700,17285,0,50
2020-04-11T11:13:32,749700,17284,0,-50
2020-04-11T11:13:34,749785,17284,85,0
2020-04-11T11:13:36,749785,17284,0,0
2020-04-11T11:13:38,749700,17283,-85,-50
2020-04-11T11:13:41,749700,17283,0,0
2020-04-11T11:13:44,749700,17283,0,0
2020-04-11T11:13:46,749700,17283,0,0
2020-04-11T11:13:48,749700,17283,0,0
2020-04-11T11:13:51,749741,17283,41,0
2020-04-11T11:13:53,749741,17283,0,0
2020-04-11T11:13:55,749741,17283,0,0
2020-04-11T11:13:58,749741,17283,0,0
2020-04-11T11:14:00,749700,17283,-41,0
2020-04-11T11:14:04,749700,17283,0,0
2020-04-11T11:14:06,749701,17283,1,0
2020-04-11T11:14:08,750012,17283,311,0
2020-04-11T11:14:10,749800,17283,-212,0
2020-04-11T11:14:13,750327,17283,527,0
2020-04-11T11:14:15,750500,17283,173,0
2020-04-11T11:14:17,750500,17292,0,450
2020-04-11T11:14:20,750719,17293,219,50
2020-04-11T11:14:23,750720,17293,1,0
2020-04-11T11:14:25,750726,17293,6,0
2020-04-11T11:14:27,750726,17292,0,-50
2020-04-11T11:14:30,750726,17293,0,50
2020-04-11T11:14:31,750890,17293,164,0
2020-04-11T11:14:34,750990,17293,100,0
2020-04-11T11:14:36,750900,17299,-90,300
2020-04-11T11:14:39,750721,17299,-179,0
2020-04-11T11:14:41,750721,17300,0,50
2020-04-11T11:14:44,751000,17309,279,450
2020-04-11T11:14:47,751000,17300,0,-450
2020-04-11T11:14:49,751000,17300,0,0
2020-04-11T11:14:51,750723,17308,-277,400
2020-04-11T11:14:54,750900,17308,177,0
2020-04-11T11:14:56,750900,17308,0,0
2020-04-11T11:14:59,750900,17308,0,0
2020-04-11T11:15:01,750900,17308,0,0
2020-04-11T11:15:03,750900,17308,0,0
2020-04-11T11:15:06,750900,17308,0,0
2020-04-11T11:15:08,750900,17288,0,-1000
2020-04-11T11:15:10,750900,17288,0,0
2020-04-11T11:15:13,750990,17288,90,0
2020-04-11T11:15:15,750990,17288,0,0
2020-04-11T11:15:18,750990,17289,0,50
2020-04-11T11:15:20,750990,17289,0,0
2020-04-11T11:15:23,750990,17289,0,0
2020-04-11T11:15:24,750500,17289,-490,0
2020-04-11T11:15:27,750234,17289,-266,0
2020-04-11T11:15:30,750638,17294,404,250
2020-04-11T11:15:32,750638,17294,0,0
2020-04-11T11:15:35,750638,17294,0,0
2020-04-11T11:15:37,750638,17294,0,0
2020-04-11T11:15:40,750638,17293,0,-50
2020-04-11T11:15:42,750638,17293,0,0
2020-04-11T11:15:44,750638,17293,0,0
2020-04-11T11:15:47,750603,17293,-35,0
2020-04-11T11:15:50,750603,17293,0,0
2020-04-11T11:15:52,750603,17294,0,50
2020-04-11T11:15:54,750603,17294,0,0
2020-04-11T11:15:57,750603,17294,0,0
2020-04-11T11:15:59,750603,17294,0,0
2020-04-11T11:16:02,750603,17295,0,50
2020-04-11T11:16:04,750603,17295,0,0
2020-04-11T11:16:06,750603,17295,0,0
2020-04-11T11:16:09,750603,17295,0,0
2020-04-11T11:16:11,750500,17293,-103,-100
2020-04-11T11:16:13,750500,17293,0,0
2020-04-11T11:16:16,750500,17293,0,0
2020-04-11T11:16:19,750500,17293,0,0
2020-04-11T11:16:21,750500,17293,0,0
2020-04-11T11:16:24,750500,17289,0,-200
2020-04-11T11:16:25,750500,17289,0,0
2020-04-11T11:16:28,750500,17289,0,0
2020-04-11T11:16:30,750500,17289,0,0
2020-04-11T11:16:33,750394,17292,-106,150
2020-04-11T11:16:35,750394,17292,0,0
2020-04-11T11:16:37,750394,17292,0,0
2020-04-11T11:16:40,750085,17292,-309,0
2020-04-11T11:16:42,750085,17289,0,-150
2020-04-11T11:16:46,750085,17289,0,0
2020-04-11T11:16:48,750085,17289,0,0
2020-04-11T11:16:50,750085,17289,0,0
2020-04-11T11:16:52,750085,17289,0,0
2020-04-11T11:16:55,750085,17289,0,0
2020-04-11T11:16:58,750085,17289,0,0
2020-04-11T11:17:00,750235,17289,150,0
2020-04-11T11:17:02,750235,17291,0,100
2020-04-11T11:17:05,750235,17291,0,0
2020-04-11T11:17:07,750235,17291,0,0
2020-04-11T11:17:10,750235,17291,0,0
2020-04-11T11:17:13,750235,17291,0,0
2020-04-11T11:17:14,750235,17292,0,50
2020-04-11T11:17:17,750235,17292,0,0
2020-04-11T11:17:19,750235,17292,0,0
2020-04-11T11:17:21,750235,17293,0,50
2020-04-11T11:17:24,750235,17293,0,0
2020-04-11T11:17:26,750096,17293,-139,0
2020-04-11T11:17:29,750096,17293,0,0
2020-04-11T11:17:31,750096,17293,0,0
2020-04-11T11:17:33,750096,17293,0,0
2020-04-11T11:17:35,750096,17289,0,-200
2020-04-11T11:17:38,750096,17289,0,0
2020-04-11T11:17:41,750096,17289,0,0
2020-04-11T11:17:43,750096,17289,0,0
2020-04-11T11:17:45,750096,17289,0,0
2020-04-11T11:17:47,750096,17290,0,50
2020-04-11T11:17:48,750096,17290,0,0
2020-04-11T11:17:52,750096,17290,0,0
2020-04-11T11:17:54,750090,17290,-6,0
2020-04-11T11:17:58,750352,17290,262,0
2020-04-11T11:18:00,750352,17290,0,0
2020-04-11T11:18:02,750352,17290,0,0
2020-04-11T11:18:04,750352,17290,0,0
2020-04-11T11:18:07,750352,17290,0,0
2020-04-11T11:18:09,750352,17290,0,0
2020-04-11T11:18:11,750350,17290,-2,0
2020-04-11T11:18:14,750286,17290,-64,0
2020-04-11T11:18:16,750286,17290,0,0
2020-04-11T11:18:18,750350,17290,64,0
2020-04-11T11:18:20,750350,17290,0,0
2020-04-11T11:18:24,750352,17290,2,0
2020-04-11T11:18:26,750349,17290,-3,0
2020-04-11T11:18:28,750600,17290,251,0
2020-04-11T11:18:30,750976,17291,376,50
2020-04-11T11:18:33,750976,17291,0,0
2020-04-11T11:18:35,750976,17291,0,0
2020-04-11T11:18:38,750976,17296,0,250
2020-04-11T11:18:40,750976,17296,0,0
2020-04-11T11:18:43,750676,17296,-300,0
2020-04-11T11:18:45,750676,17296,0,0
2020-04-11T11:18:48,750676,17298,0,100
2020-04-11T11:18:50,750676,17298,0,0
2020-04-11T11:18:52,750676,17298,0,0
2020-04-11T11:18:55,750676,17298,0,0
2020-04-11T11:18:57,750676,17298,0,0
2020-04-11T11:19:00,750829,17298,153,0
2020-04-11T11:19:01,750829,17299,0,50
2020-04-11T11:19:04,750829,17299,0,0
2020-04-11T11:19:06,750829,17299,0,0
2020-04-11T11:19:09,750829,17299,0,0
2020-04-11T11:19:11,750829,17299,0,0
2020-04-11T11:19:13,750687,17299,-142,0
2020-04-11T11:19:16,750687,17299,0,0
2020-04-11T11:19:18,750687,17299,0,0
2020-04-11T11:19:21,750687,17298,0,-50
2020-04-11T11:19:24,750300,17298,-387,0
2020-04-11T11:19:25,750300,17298,0,0
2020-04-11T11:19:28,750300,17299,0,50
2020-04-11T11:19:31,750300,17300,0,50
2020-04-11T11:19:33,750976,17300,676,0
2020-04-11T11:19:36,750976,17300,0,0
2020-04-11T11:19:38,750976,17300,0,0
2020-04-11T11:19:41,750976,17300,0,0
2020-04-11T11:19:43,750581,17301,-395,50
2020-04-11T11:19:46,751000,17309,419,400
2020-04-11T11:19:47,751000,17310,0,50
2020-04-11T11:19:50,751000,17310,0,0
2020-04-11T11:19:52,751000,17311,0,50
2020-04-11T11:19:54,751150,17312,150,50
2020-04-11T11:19:57,751237,17312,87,0
2020-04-11T11:19:59,751700,17317,463,250
2020-04-11T11:20:02,751747,17317,47,0
2020-04-11T11:20:04,751706,17325,-41,400
2020-04-11T11:20:06,751706,17325,0,0
2020-04-11T11:20:09,751551,17325,-155,0
2020-04-11T11:20:12,751551,17325,0,0
2020-04-11T11:20:14,751897,17325,346,0
2020-04-11T11:20:16,751706,17325,-191,0
2020-04-11T11:20:19,751706,17325,0,0
2020-04-11T11:20:20,751706,17325,0,0
2020-04-11T11:20:24,751690,17325,-16,0
2020-04-11T11:20:26,751500,17325,-190,0
2020-04-11T11:20:28,751500,17325,0,0
2020-04-11T11:20:31,751500,17325,0,0
2020-04-11T11:20:32,751500,17325,0,0
2020-04-11T11:20:35,751500,17323,0,-100
2020-04-11T11:20:38,751500,17323,0,0
2020-04-11T11:20:41,751500,17325,0,100
2020-04-11T11:20:42,751175,17325,-325,0
2020-04-11T11:20:45,751030,17324,-145,-50
2020-04-11T11:20:47,751000,17324,-30,0
2020-04-11T11:20:49,751000,17324,0,0
2020-04-11T11:20:53,751000,17324,0,0
2020-04-11T11:20:54,751000,17324,0,0
2020-04-11T11:20:57,751000,17324,0,0
2020-04-11T11:20:59,751000,17324,0,0
2020-04-11T11:21:01,750800,17324,-200,0
2020-04-11T11:21:04,750800,17324,0,0
2020-04-11T11:21:06,750800,17324,0,0
2020-04-11T11:21:09,750765,17324,-35,0
2020-04-11T11:21:11,750765,17324,0,0
2020-04-11T11:21:13,750765,17324,0,0
2020-04-11T11:21:15,750765,17303,0,-1050
2020-04-11T11:21:19,750765,17303,0,0
2020-04-11T11:21:21,750765,17303,0,0
2020-04-11T11:21:24,750765,17303,0,0
2020-04-11T11:21:25,751000,17303,235,0
2020-04-11T11:21:28,751000,17303,0,0
2020-04-11T11:21:31,751000,17291,0,-600
2020-04-11T11:21:32,751000,17291,0,0
2020-04-11T11:21:35,751000,17291,0,0
2020-04-11T11:21:36,751000,17291,0,0
2020-04-11T11:21:39,751000,17305,0,700
2020-04-11T11:21:42,751000,17305,0,0
2020-04-11T11:21:44,751000,17303,0,-100
2020-04-11T11:21:46,751000,17303,0,0
2020-04-11T11:21:48,751000,17303,0,0
2020-04-11T11:21:50,751000,17306,0,150
2020-04-11T11:21:53,751000,17306,0,0
2020-04-11T11:21:56,751000,17306,0,0
2020-04-11T11:21:58,751000,17306,0,0
2020-04-11T11:22:01,751000,17306,0,0
2020-04-11T11:22:03,751000,17306,0,0
2020-04-11T11:22:05,751000,17306,0,0
2020-04-11T11:22:08,751000,17306,0,0
2020-04-11T11:22:10,751000,17306,0,0
2020-04-11T11:22:12,751000,17302,0,-200
2020-04-11T11:22:15,751000,17302,0,0
2020-04-11T11:22:17,751000,17302,0,0
2020-04-11T11:22:19,751260,17302,260,0
2020-04-11T11:22:22,750766,17306,-494,200
2020-04-11T11:22:24,750766,17306,0,0
2020-04-11T11:22:26,750766,17306,0,0
2020-04-11T11:22:29,750766,17306,0,0
2020-04-11T11:22:32,750766,17306,0,0
2020-04-11T11:22:34,750766,17306,0,0
2020-04-11T11:22:36,750766,17306,0,0
2020-04-11T11:22:38,751224,17306,458,0
2020-04-11T11:22:41,751224,17306,0,0
2020-04-11T11:22:43,751224,17306,0,0
2020-04-11T11:22:45,751224,17306,0,0
2020-04-11T11:22:47,751224,17306,0,0
2020-04-11T11:22:49,751224,17306,0,0
2020-04-11T11:22:52,750766,17305,-458,-50
2020-04-11T11:22:54,750766,17305,0,0
2020-04-11T11:22:57,750766,17305,0,0
2020-04-11T11:22:59,750766,17305,0,0
2020-04-11T11:23:01,750766,17305,0,0
2020-04-11T11:23:04,750766,17305,0,0
2020-04-11T11:23:06,751089,17305,323,0
2020-04-11T11:23:08,751089,17305,0,0
2020-04-11T11:23:11,751089,17305,0,0
2020-04-11T11:23:14,751086,17305,-3,0
2020-04-11T11:23:15,751083,17305,-3,0
2020-04-11T11:23:18,751083,17305,0,0
2020-04-11T11:23:21,751083,17305,0,0
2020-04-11T11:23:23,750776,17305,-307,0
2020-04-11T11:23:25,750776,17305,0,0
2020-04-11T11:23:28,750776,17305,0,0
2020-04-11T11:23:30,750776,17305,0,0
2020-04-11T11:23:32,750776,17306,0,50
2020-04-11T11:23:35,750776,17306,0,0
2020-04-11T11:23:37,750776,17306,0,0
2020-04-11T11:23:39,750776,17306,0,0
2020-04-11T11:23:41,750776,17306,0,0
2020-04-11T11:23:44,750766,17305,-10,-50
2020-04-11T11:23:47,750766,17306,0,50
2020-04-11T11:23:49,750766,17306,0,0
2020-04-11T11:23:52,750766,17306,0,0
2020-04-11T11:23:54,750766,17306,0,0
2020-04-11T11:23:56,750766,17305,0,-50
2020-04-11T11:23:59,750766,17305,0,0
2020-04-11T11:24:01,750765,17305,-1,0
2020-04-11T11:24:03,750765,17305,0,0
2020-04-11T11:24:06,750148,17305,-617,0
2020-04-11T11:24:09,750720,17300,572,-250
2020-04-11T11:24:11,750720,17300,0,0
2020-04-11T11:24:12,750147,17300,-573,0
2020-04-11T11:24:15,750147,17300,0,0
2020-04-11T11:24:18,750110,17300,-37,0
2020-04-11T11:24:20,750413,17300,303,0
2020-04-11T11:24:22,750000,17300,-413,0
2020-04-11T11:24:24,750000,17300,0,0
2020-04-11T11:24:27,750000,17300,0,0
2020-04-11T11:24:30,750000,17300,0,0
2020-04-11T11:24:32,750000,17300,0,0
2020-04-11T11:24:35,750000,17300,0,0
2020-04-11T11:24:37,750000,17300,0,0
2020-04-11T11:24:40,750000,17300,0,0
2020-04-11T11:24:41,750000,17300,0,0
2020-04-11T11:24:45,749700,17300,-300,0
2020-04-11T11:24:46,749700,17300,0,0
2020-04-11T11:24:49,749700,17300,0,0
2020-04-11T11:24:51,749700,17300,0,0
2020-04-11T11:24:54,749700,17300,0,0
2020-04-11T11:24:56,749700,17300,0,0
2020-04-11T11:24:59,749700,17300,0,0
2020-04-11T11:25:02,749700,17300,0,0
2020-04-11T11:25:04,750029,17300,329,0
2020-04-11T11:25:07,750029,17300,0,0
2020-04-11T11:25:09,750084,17300,55,0
2020-04-11T11:25:11,750084,17300,0,0
2020-04-11T11:25:13,750292,17300,208,0
2020-04-11T11:25:16,750292,17300,0,0
2020-04-11T11:25:18,750292,17300,0,0
2020-04-11T11:25:21,750292,17300,0,0
2020-04-11T11:25:23,750292,17300,0,0
2020-04-11T11:25:27,750292,17300,0,0
2020-04-11T11:25:29,750117,17300,-175,0
2020-04-11T11:25:31,750117,17300,0,0
2020-04-11T11:25:34,750117,17300,0,0
2020-04-11T11:25:36,750088,17300,-29,0
2020-04-11T11:25:38,749963,17300,-125,0
2020-04-11T11:25:40,749963,17300,0,0
2020-04-11T11:25:42,749963,17300,0,0
2020-04-11T11:25:45,749963,17300,0,0
2020-04-11T11:25:47,749963,17300,0,0
2020-04-11T11:25:50,749963,17300,0,0
2020-04-11T11:25:52,749963,17300,0,0
2020-04-11T11:25:55,749963,17300,0,0
2020-04-11T11:25:56,749963,17300,0,0
2020-04-11T11:25:59,749701,17300,-262,0
2020-04-11T11:26:02,749701,17300,0,0
2020-04-11T11:26:04,749703,17302,2,100
2020-04-11T11:26:06,749703,17302,0,0
2020-04-11T11:26:09,749703,17302,0,0
2020-04-11T11:26:12,749703,17302,0,0
2020-04-11T11:26:13,749703,17303,0,50
2020-04-11T11:26:16,749703,17304,0,50
2020-04-11T11:26:18,749703,17304,0,0
2020-04-11T11:26:21,749703,17304,0,0
2020-04-11T11:26:23,749703,17304,0,0
2020-04-11T11:26:25,749703,17302,0,-100
2020-04-11T11:26:27,749703,17302,0,0
2020-04-11T11:26:30,749700,17302,-3,0
2020-04-11T11:26:33,749700,17302,0,0
2020-04-11T11:26:35,749700,17302,0,0
2020-04-11T11:26:37,749700,17290,0,-600
2020-04-11T11:26:39,749700,17290,0,0
2020-04-11T11:26:42,749700,17290,0,0
2020-04-11T11:26:44,749700,17290,0,0
2020-04-11T11:26:46,749700,17290,0,0
2020-04-11T11:26:49,749700,17290,0,0
2020-04-11T11:26:52,749700,17290,0,0
2020-04-11T11:26:54,749700,17290,0,0
2020-04-11T11:26:57,749700,17291,0,50
2020-04-11T11:26:59,750161,17291,461,0
2020-04-11T11:27:01,750328,17291,167,0
2020-04-11T11:27:04,750328,17291,0,0
2020-04-11T11:27:07,750420,17291,92,0
2020-04-11T11:27:09,750420,17304,0,650
2020-04-11T11:27:12,750420,17304,0,0
2020-04-11T11:27:13,750420,17304,0,0
2020-04-11T11:27:16,750420,17304,0,0
2020-04-11T11:27:19,750420,17304,0,0
2020-04-11T11:27:22,750420,17304,0,0
2020-04-11T11:27:24,750420,17304,0,0
2020-04-11T11:27:26,750420,17304,0,0
2020-04-11T11:27:29,750420,17298,0,-300
2020-04-11T11:27:31,750420,17298,0,0
2020-04-11T11:27:34,750420,17298,0,0
2020-04-11T11:27:36,750420,17298,0,0
2020-04-11T11:27:38,750420,17298,0,0
2020-04-11T11:27:40,750420,17298,0,0
2020-04-11T11:27:43,750420,17298,0,0
2020-04-11T11:27:45,750420,17298,0,0
2020-04-11T11:27:47,750420,17298,0,0
2020-04-11T11:27:50,750420,17305,0,350
2020-04-11T11:27:52,750420,17305,0,0
2020-04-11T11:27:55,750420,17305,0,0
2020-04-11T11:27:56,750420,17305,0,0
2020-04-11T11:27:59,750420,17294,0,-550
2020-04-11T11:28:02,750420,17294,0,0
2020-04-11T11:28:04,750420,17294,0,0
2020-04-11T11:28:07,750420,17294,0,0
2020-04-11T11:28:08,750420,17294,0,0
2020-04-11T11:28:11,750420,17304,0,500
2020-04-11T11:28:14,750420,17304,0,0
2020-04-11T11:28:17,750148,17304,-272,0
2020-04-11T11:28:19,750148,17304,0,0
2020-04-11T11:28:21,750148,17298,0,-300
2020-04-11T11:28:24,750937,17298,789,0
2020-04-11T11:28:26,750937,17298,0,0
2020-04-11T11:28:28,750937,17306,0,400
2020-04-11T11:28:31,750937,17306,0,0
2020-04-11T11:28:33,750937,17305,0,-50
2020-04-11T11:28:35,750888,17305,-49,0
2020-04-11T11:28:37,750888,17305,0,0
2020-04-11T11:28:39,750888,17305,0,0
2020-04-11T11:28:41,750888,17305,0,0
2020-04-11T11:28:44,750888,17305,0,0
2020-04-11T11:28:46,750888,17305,0,0
2020-04-11T11:28:49,750888,17305,0,0
2020-04-11T11:28:51,750888,17305,0,0
2020-04-11T11:28:53,750888,17294,0,-550
2020-04-11T11:28:56,750430,17294,-458,0
2020-04-11T11:28:58,750420,17294,-10,0
2020-04-11T11:29:00,750420,17294,0,0
2020-04-11T11:29:03,750420,17294,0,0
2020-04-11T11:29:05,750420,17295,0,50
2020-04-11T11:29:07,750420,17295,0,0
2020-04-11T11:29:09,750420,17295,0,0
2020-04-11T11:29:12,750420,17295,0,0
2020-04-11T11:29:14,750420,17305,0,500
2020-04-11T11:29:16,750420,17305,0,0
2020-04-11T11:29:19,750420,17305,0,0
2020-04-11T11:29:21,750420,17305,0,0
2020-04-11T11:29:24,750420,17305,0,0
2020-04-11T11:29:25,750221,17305,-199,0
2020-04-11T11:29:28,750221,17305,0,0
2020-04-11T11:29:31,750220,17305,-1,0
2020-04-11T11:29:33,750220,17305,0,0
2020-04-11T11:29:35,750220,17298,0,-350
2020-04-11T11:29:38,750220,17298,0,0
2020-04-11T11:29:41,750220,17298,0,0
2020-04-11T11:29:43,750220,17298,0,0
2020-04-11T11:29:45,750220,17295,0,-150
2020-04-11T11:29:48,750012,17295,-208,0
2020-04-11T11:29:49,750012,17295,0,0
2020-04-11T11:29:52,750012,17295,0,0
2020-04-11T11:29:54,750182,17295,170,0
2020-04-11T11:29:57,750182,17298,0,150
2020-04-11T11:29:59,750182,17298,0,0
2020-04-11T11:30:01,750182,17298,0,0
2020-04-11T11:30:04,750182,17298,0,0
2020-04-11T11:30:06,750182,17298,0,0
2020-04-11T11:30:08,750182,17298,0,0
2020-04-11T11:30:11,750182,17298,0,0
2020-04-11T11:30:13,749960,17298,-222,0
2020-04-11T11:30:15,749960,17298,0,0
2020-04-11T11:30:18,749960,17294,0,-200
2020-04-11T11:30:19,749960,17294,0,0
2020-04-11T11:30:22,749960,17294,0,0
2020-04-11T11:30:24,749600,17294,-360,0
2020-04-11T11:30:27,749829,17294,229,0
2020-04-11T11:30:29,749410,17294,-419,0
2020-04-11T11:30:32,749410,17294,0,0
2020-04-11T11:30:34,749410,17294,0,0
2020-04-11T11:30:36,749410,17294,0,0
2020-04-11T11:30:38,749410,17294,0,0
2020-04-11T11:30:40,749603,17294,193,0
2020-04-11T11:30:43,749603,17294,0,0
2020-04-11T11:30:46,749960,17294,357,0
2020-04-11T11:30:47,749960,17294,0,0
2020-04-11T11:30:50,749960,17294,0,0
2020-04-11T11:30:52,749960,17294,0,0
2020-04-11T11:30:55,749595,17294,-365,0
2020-04-11T11:30:57,749595,17294,0,0
2020-04-11T11:31:00,749595,17294,0,0
2020-04-11T11:31:03,749595,17294,0,0
2020-04-11T11:31:05,749595,17294,0,0
2020-04-11T11:31:07,749595,17294,0,0
2020-04-11T11:31:09,749595,17299,0,250
2020-04-11T11:31:12,749595,17299,0,0
2020-04-11T11:31:14,749595,17299,0,0
2020-04-11T11:31:17,749595,17299,0,0
2020-04-11T11:31:19,749595,17299,0,0
2020-04-11T11:31:21,749595,17295,0,-200
2020-04-11T11:31:24,749595,17295,0,0
2020-04-11T11:31:26,749961,17295,366,0
2020-04-11T11:31:28,749961,17295,0,0
2020-04-11T11:31:31,749961,17299,0,200
2020-04-11T11:31:33,749961,17299,0,0
2020-04-11T11:31:34,750001,17299,40,0
2020-04-11T11:31:38,750001,17299,0,0
2020-04-11T11:31:40,750481,17299,480,0
2020-04-11T11:31:42,750481,17299,0,0
2020-04-11T11:31:45,750481,17299,0,0
2020-04-11T11:31:47,750481,17299,0,0
2020-04-11T11:31:49,750481,17299,0,0
2020-04-11T11:31:53,750481,17299,0,0
2020-04-11T11:31:55,750123,17299,-358,0
2020-04-11T11:31:58,750123,17299,0,0
2020-04-11T11:31:59,750123,17299,0,0
2020-04-11T11:32:02,750123,17299,0,0
2020-04-11T11:32:05,750123,17299,0,0
2020-04-11T11:32:07,750123,17299,0,0
2020-04-11T11:32:09,750123,17299,0,0
2020-04-11T11:32:12,750126,17299,3,0
2020-04-11T11:32:15,750123,17293,-3,-300
2020-04-11T11:32:16,750123,17293,0,0
2020-04-11T11:32:19,750123,17293,0,0
2020-04-11T11:32:21,750323,17293,200,0
2020-04-11T11:32:23,750323,17293,0,0
2020-04-11T11:32:26,750323,17299,0,300
2020-04-11T11:32:29,750323,17299,0,0
2020-04-11T11:32:30,750323,17299,0,0
2020-04-11T11:32:33,750323,17299,0,0
2020-04-11T11:32:35,750324,17302,1,150
2020-04-11T11:32:38,750324,17302,0,0
2020-04-11T11:32:39,750324,17302,0,0
2020-04-11T11:32:43,750324,17302,0,0
2020-04-11T11:32:44,750324,17302,0,0
2020-04-11T11:32:47,750324,17302,0,0
2020-04-11T11:32:50,750324,17302,0,0
2020-04-11T11:32:52,750324,17302,0,0
2020-04-11T11:32:53,750324,17302,0,0
2020-04-11T11:32:56,750595,17305,271,150
2020-04-11T11:32:58,750595,17305,0,0
2020-04-11T11:33:01,750595,17305,0,0
2020-04-11T11:33:02,750595,17305,0,0
2020-04-11T11:33:06,750852,17305,257,0
2020-04-11T11:33:07,750852,17305,0,0
2020-04-11T11:33:10,750852,17310,0,250
2020-04-11T11:33:12,750852,17310,0,0
2020-04-11T11:33:14,750937,17314,85,200
2020-04-11T11:33:17,750937,17317,0,150
2020-04-11T11:33:19,750975,17317,38,0
2020-04-11T11:33:21,750937,17317,-38,0
2020-04-11T11:33:24,750937,17317,0,0
2020-04-11T11:33:26,750937,17318,0,50
2020-04-11T11:33:28,750937,17318,0,0
2020-04-11T11:33:31,750937,17318,0,0
2020-04-11T11:33:33,750937,17318,0,0
2020-04-11T11:33:36,750683,17318,-254,0
2020-04-11T11:33:38,750683,17318,0,0
2020-04-11T11:33:40,750683,17318,0,0
2020-04-11T11:33:42,750683,17318,0,0
2020-04-11T11:33:44,750783,17318,100,0
2020-04-11T11:33:47,750783,17318,0,0
2020-04-11T11:33:49,750783,17318,0,0
2020-04-11T11:33:52,750783,17318,0,0
2020-04-11T11:33:54,750783,17318,0,0
2020-04-11T11:33:57,750783,17318,0,0
2020-04-11T11:33:59,750783,17321,0,150
2020-04-11T11:34:02,750783,17321,0,0
2020-04-11T11:34:04,750783,17321,0,0
2020-04-11T11:34:06,750783,17321,0,0
2020-04-11T11:34:08,750783,17321,0,0
2020-04-11T11:34:10,750682,17324,-101,150
2020-04-11T11:34:12,750682,17324,0,0
2020-04-11T11:34:16,750682,17324,0,0
2020-04-11T11:34:18,750682,17324,0,0
2020-04-11T11:34:20,750682,17324,0,0
2020-04-11T11:34:23,750783,17324,101,0
2020-04-11T11:34:24,750783,17324,0,0
2020-04-11T11:34:27,750783,17324,0,0
2020-04-11T11:34:29,750783,17324,0,0
2020-04-11T11:34:32,750783,17324,0,0
2020-04-11T11:34:34,750783,17324,0,0
2020-04-11T11:34:37,750376,17324,-407,0
2020-04-11T11:34:39,750376,17324,0,0
2020-04-11T11:34:41,750781,17323,405,-50
2020-04-11T11:34:43,750781,17323,0,0
2020-04-11T11:34:46,750781,17323,0,0
2020-04-11T11:34:49,750781,17323,0,0
2020-04-11T11:34:51,750781,17323,0,0
2020-04-11T11:34:54,750781,17323,0,0
2020-04-11T11:34:56,750781,17323,0,0
2020-04-11T11:34:58,750781,17323,0,0
2020-04-11T11:35:00,750781,17323,0,0
2020-04-11T11:35:03,750732,17325,-49,100
2020-04-11T11:35:05,750254,17325,-478,0
2020-04-11T11:35:07,750254,17325,0,0
2020-04-11T11:35:09,750254,17325,0,0
2020-04-11T11:35:11,750254,17325,0,0
2020-04-11T11:35:14,750254,17325,0,0
2020-04-11T11:35:17,750254,17325,0,0
2020-04-11T11:35:19,750254,17325,0,0
2020-04-11T11:35:21,750254,17325,0,0
2020-04-11T11:35:23,750254,17325,0,0
2020-04-11T11:35:26,750254,17325,0,0
2020-04-11T11:35:28,750254,17325,0,0
2020-04-11T11:35:30,750254,17325,0,0
2020-04-11T11:35:33,750254,17325,0,0
2020-04-11T11:35:35,750254,17325,0,0
2020-04-11T11:35:37,750254,17325,0,0
2020-04-11T11:35:40,750254,17325,0,0
2020-04-11T11:35:43,750254,17325,0,0
2020-04-11T11:35:44,750254,17331,0,300
2020-04-11T11:35:47,750254,17331,0,0
2020-04-11T11:35:49,750289,17331,35,0
2020-04-11T11:35:51,750289,17331,0,0
2020-04-11T11:35:53,750289,17331,0,0
2020-04-11T11:35:55,750289,17318,0,-650
2020-04-11T11:35:57,750289,17318,0,0
2020-04-11T11:36:00,750289,17331,0,650
2020-04-11T11:36:02,750289,17331,0,0
2020-04-11T11:36:04,750289,17331,0,0
2020-04-11T11:36:07,750289,17331,0,0
2020-04-11T11:36:09,750703,17331,414,0
2020-04-11T11:36:11,750703,17331,0,0
2020-04-11T11:36:14,750703,17331,0,0
2020-04-11T11:36:15,750703,17331,0,0
2020-04-11T11:36:18,750703,17331,0,0
2020-04-11T11:36:20,750703,17331,0,0
2020-04-11T11:36:23,750703,17331,0,0
2020-04-11T11:36:25,750380,17331,-323,0
2020-04-11T11:36:28,750380,17331,0,0
2020-04-11T11:36:29,750380,17331,0,0
2020-04-11T11:36:31,750386,17331,6,0
2020-04-11T11:36:33,750386,17331,0,0
2020-04-11T11:36:37,750386,17331,0,0
2020-04-11T11:36:39,750386,17331,0,0
2020-04-11T11:36:40,750386,17331,0,0
2020-04-11T11:36:43,750386,17331,0,0
2020-04-11T11:36:45,750386,17331,0,0
2020-04-11T11:36:47,750386,17331,0,0
2020-04-11T11:36:50,750386,17331,0,0
2020-04-11T11:36:52,750260,17331,-126,0
2020-04-11T11:36:55,750123,17331,-137,0
2020-04-11T11:36:56,750123,17331,0,0
2020-04-11T11:36:59,749780,17331,-343,0
2020-04-11T11:37:01,749780,17331,0,0
2020-04-11T11:37:04,749780,17331,0,0
2020-04-11T11:37:05,749780,17331,0,0
2020-04-11T11:37:08,749780,17331,0,0
2020-04-11T11:37:10,749780,17324,0,-350
2020-04-11T11:37:13,749780,17324,0,0
2020-04-11T11:37:15,749780,17324,0,0
2020-04-11T11:37:16,749780,17324,0,0
2020-04-11T11:37:19,749780,17324,0,0
2020-04-11T11:37:22,749780,17324,0,0
2020-04-11T11:37:23,749780,17324,0,0
2020-04-11T11:37:26,749780,17324,0,0
2020-04-11T11:37:29,750120,17314,340,-500
2020-04-11T11:37:30,750120,17314,0,0
2020-04-11T11:37:32,750133,17314,13,0
2020-04-11T11:37:35,750133,17314,0,0
2020-04-11T11:37:37,750133,17314,0,0
2020-04-11T11:37:40,750133,17314,0,0
2020-04-11T11:37:42,750133,17314,0,0
2020-04-11T11:37:44,750133,17314,0,0
2020-04-11T11:37:47,750133,17314,0,0
2020-04-11T11:37:49,750133,17314,0,0
2020-04-11T11:37:51,750133,17309,0,-250
2020-04-11T11:37:53,750133,17309,0,0
2020-04-11T11:37:56,749780,17309,-353,0
2020-04-11T11:37:58,749780,17309,0,0
2020-04-11T11:38:00,749780,17309,0,0
2020-04-11T11:38:03,749780,17319,0,500
2020-04-11T11:38:05,749780,17319,0,0
2020-04-11T11:38:06,749780,17319,0,0
2020-04-11T11:38:10,749780,17319,0,0
2020-04-11T11:38:11,749780,17319,0,0
2020-04-11T11:38:13,749780,17307,0,-600
2020-04-11T11:38:16,749780,17307,0,0
2020-04-11T11:38:18,749772,17307,-8,0
2020-04-11T11:38:21,749772,17307,0,0
2020-04-11T11:38:22,749772,17307,0,0
2020-04-11T11:38:24,749772,17307,0,0
2020-04-11T11:38:27,749993,17307,221,0
2020-04-11T11:38:29,749993,17307,0,0
2020-04-11T11:38:32,749993,17307,0,0
2020-04-11T11:38:33,749993,17325,0,900
2020-04-11T11:38:36,749993,17319,0,-300
2020-04-11T11:38:39,749952,17319,-41,0
2020-04-11T11:38:41,749952,17319,0,0
2020-04-11T11:38:44,749952,17319,0,0
2020-04-11T11:38:46,749952,17323,0,200
2020-04-11T11:38:48,749952,17323,0,0
2020-04-11T11:38:50,749952,17323,0,0
2020-04-11T11:38:52,749952,17323,0,0
2020-04-11T11:38:55,749952,17323,0,0
2020-04-11T11:38:57,749952,17323,0,0
2020-04-11T11:38:59,749952,17323,0,0
2020-04-11T11:39:02,750115,17323,163,0
2020-04-11T11:39:03,749571,17315,-544,-400
2020-04-11T11:39:07,750152,17312,581,-150
2020-04-11T11:39:09,750152,17312,0,0
2020-04-11T11:39:10,750067,17312,-85,0
2020-04-11T11:39:14,750067,17312,0,0
2020-04-11T11:39:15,750067,17312,0,0
2020-04-11T11:39:18,750067,17312,0,0
2020-04-11T11:39:20,750067,17312,0,0
2020-04-11T11:39:23,750067,17312,0,0
2020-04-11T11:39:26,750067,17312,0,0
2020-04-11T11:39:27,750067,17312,0,0
2020-04-11T11:39:30,750067,17312,0,0
2020-04-11T11:39:32,750067,17312,0,0
2020-04-11T11:39:34,749916,17312,-151,0
2020-04-11T11:39:36,749916,17312,0,0
2020-04-11T11:39:39,749916,17312,0,0
2020-04-11T11:39:42,749916,17312,0,0
2020-04-11T11:39:44,749916,17312,0,0
2020-04-11T11:39:46,749916,17312,0,0
2020-04-11T11:39:48,749916,17312,0,0
2020-04-11T11:39:50,749916,17312,0,0
2020-04-11T11:39:52,749916,17312,0,0
2020-04-11T11:39:55,749916,17312,0,0
2020-04-11T11:39:57,749916,17312,0,0
2020-04-11T11:40:00,749916,17312,0,0
2020-04-11T11:40:02,749916,17312,0,0
2020-04-11T11:40:04,749916,17312,0,0
2020-04-11T11:40:07,749916,17312,0,0
2020-04-11T11:40:09,749916,17324,0,600
